-- MySQL Administrator dump 1.4
--
-- ------------------------------------------------------
-- Server version	5.0.45-community-nt


/*!40101 SET @OLD_CHARACTER_SET_CLIENT=@@CHARACTER_SET_CLIENT */;
/*!40101 SET @OLD_CHARACTER_SET_RESULTS=@@CHARACTER_SET_RESULTS */;
/*!40101 SET @OLD_COLLATION_CONNECTION=@@COLLATION_CONNECTION */;
/*!40101 SET NAMES utf8 */;

/*!40014 SET @OLD_UNIQUE_CHECKS=@@UNIQUE_CHECKS, UNIQUE_CHECKS=0 */;
/*!40014 SET @OLD_FOREIGN_KEY_CHECKS=@@FOREIGN_KEY_CHECKS, FOREIGN_KEY_CHECKS=0 */;
/*!40101 SET @OLD_SQL_MODE=@@SQL_MODE, SQL_MODE='NO_AUTO_VALUE_ON_ZERO' */;


--
-- Create schema penguin
--

CREATE DATABASE IF NOT EXISTS penguin;
USE penguin;

--
-- Temporary table structure for view `orderview`
--
DROP TABLE IF EXISTS `orderview`;
DROP VIEW IF EXISTS `orderview`;
CREATE TABLE `orderview` (
  `ORDERM_NO` int(10),
  `CUST_CODE` int(10),
  `ORDER_DATE` date,
  `DM` varchar(150),
  `D_DATE` date,
  `TOTAL_AMOUNT` double,
  `ORDER_STATUS` int(10) unsigned,
  `COMPANY_ID` int(10),
  `BRANCH_ID` int(10),
  `I_ID` int(10),
  `M_ID` int(10),
  `M_NAME` varchar(45),
  `M_VALUE` double,
  `RATE` double,
  `QTY` int(10),
  `I_TOTAL_AMOUNT` double
);

--
-- Definition of table `branchname`
--

DROP TABLE IF EXISTS `branchname`;
CREATE TABLE `branchname` (
  `BRANCH_ID` int(10) unsigned NOT NULL,
  `BRANCH_NAME` varchar(45) default NULL,
  `COMPANY_ID` int(10) unsigned NOT NULL,
  `STATUS` int(10) unsigned zerofill default NULL,
  `CREATED_BY` varchar(50) default NULL,
  `CREATE_DATE` datetime default NULL,
  `UPDATED_BY` varchar(45) default NULL,
  `UPDATE_DATE` date default NULL,
  PRIMARY KEY  (`BRANCH_ID`)
) ENGINE=InnoDB DEFAULT CHARSET=latin1;

--
-- Dumping data for table `branchname`
--

/*!40000 ALTER TABLE `branchname` DISABLE KEYS */;
/*!40000 ALTER TABLE `branchname` ENABLE KEYS */;


--
-- Definition of table `category`
--

DROP TABLE IF EXISTS `category`;
CREATE TABLE `category` (
  `C_ID` int(10) NOT NULL auto_increment,
  `C_NAME` varchar(150) NOT NULL,
  `STATUS` int(10) unsigned zerofill default NULL,
  `COMPANY_ID` int(10) default NULL,
  `BRANCH_ID` int(10) default NULL,
  `CREATED_BY` varchar(50) default NULL,
  `CREATE_DATE` datetime default NULL,
  `UPDATED_BY` varchar(45) default NULL,
  `UPDATE_DATE` date default NULL,
  PRIMARY KEY  (`C_ID`)
) ENGINE=InnoDB AUTO_INCREMENT=7 DEFAULT CHARSET=latin1;

--
-- Dumping data for table `category`
--

/*!40000 ALTER TABLE `category` DISABLE KEYS */;
INSERT INTO `category` (`C_ID`,`C_NAME`,`STATUS`,`COMPANY_ID`,`BRANCH_ID`,`CREATED_BY`,`CREATE_DATE`,`UPDATED_BY`,`UPDATE_DATE`) VALUES 
 (5,'Shirt',0000000000,0,0,NULL,NULL,NULL,'2021-02-18'),
 (6,'panjabi',0000000000,0,0,NULL,NULL,NULL,'2021-02-18');
/*!40000 ALTER TABLE `category` ENABLE KEYS */;


--
-- Definition of table `company`
--

DROP TABLE IF EXISTS `company`;
CREATE TABLE `company` (
  `COMPANY_ID` int(10) unsigned NOT NULL auto_increment,
  `COMPANY_NAME` varchar(45) default NULL,
  `STATUS` int(10) unsigned zerofill default NULL,
  `CREATED_BY` varchar(50) default NULL,
  `CREATE_DATE` datetime default NULL,
  `UPDATED_BY` varchar(45) default NULL,
  `UPDATE_DATE` date default NULL,
  PRIMARY KEY  (`COMPANY_ID`)
) ENGINE=InnoDB DEFAULT CHARSET=latin1;

--
-- Dumping data for table `company`
--

/*!40000 ALTER TABLE `company` DISABLE KEYS */;
/*!40000 ALTER TABLE `company` ENABLE KEYS */;


--
-- Definition of table `customerinfo`
--

DROP TABLE IF EXISTS `customerinfo`;
CREATE TABLE `customerinfo` (
  `CUST_CODE` int(11) NOT NULL auto_increment,
  `CUST_NAME` varchar(200) default NULL,
  `GENDER` varchar(10) default NULL,
  `MOBILE_NUMBER` varchar(50) NOT NULL,
  `ADDRESS` varchar(250) default NULL,
  `COMPANY_ID` int(10) default NULL,
  `BRANCH_ID` int(10) default NULL,
  `CREATED_BY` varchar(50) default NULL,
  `CREATE_DATE` datetime default NULL,
  `UPDATED_BY` varchar(45) default NULL,
  `UPDATE_DATE` date default NULL,
  PRIMARY KEY  (`CUST_CODE`)
) ENGINE=InnoDB AUTO_INCREMENT=4 DEFAULT CHARSET=latin1 ROW_FORMAT=DYNAMIC;

--
-- Dumping data for table `customerinfo`
--

/*!40000 ALTER TABLE `customerinfo` DISABLE KEYS */;
INSERT INTO `customerinfo` (`CUST_CODE`,`CUST_NAME`,`GENDER`,`MOBILE_NUMBER`,`ADDRESS`,`COMPANY_ID`,`BRANCH_ID`,`CREATED_BY`,`CREATE_DATE`,`UPDATED_BY`,`UPDATE_DATE`) VALUES 
 (1,'kamal','M','1722612319','dhaka',0,102,NULL,'2021-02-18 11:28:25',NULL,'2021-02-18'),
 (2,'aktarul','M','17742549','dhaka',0,103,NULL,'2021-02-18 11:33:32',NULL,'2021-02-18'),
 (3,'aktarul','M','1774254988','dhaka',0,101,NULL,'2021-02-18 11:28:02',NULL,'2021-02-18');
/*!40000 ALTER TABLE `customerinfo` ENABLE KEYS */;


--
-- Definition of table `desigen_model`
--

DROP TABLE IF EXISTS `desigen_model`;
CREATE TABLE `desigen_model` (
  `ID` int(10) NOT NULL auto_increment,
  `MODEL_NAME` varchar(150) NOT NULL,
  `I_ID` int(10) NOT NULL,
  `STATUS` int(10) unsigned zerofill default NULL,
  `COMPANY_ID` int(10) default NULL,
  `BRANCH_ID` int(10) default NULL,
  `CREATED_BY` varchar(50) default NULL,
  `CREATE_DATE` datetime default NULL,
  `UPDATED_BY` varchar(45) default NULL,
  `UPDATE_DATE` date default NULL,
  PRIMARY KEY  (`ID`),
  KEY `FK_desigen_model_1` (`I_ID`),
  CONSTRAINT `FK_desigen_model_1` FOREIGN KEY (`I_ID`) REFERENCES `item_info` (`I_ID`)
) ENGINE=InnoDB AUTO_INCREMENT=5 DEFAULT CHARSET=latin1 ROW_FORMAT=DYNAMIC;

--
-- Dumping data for table `desigen_model`
--

/*!40000 ALTER TABLE `desigen_model` DISABLE KEYS */;
INSERT INTO `desigen_model` (`ID`,`MODEL_NAME`,`I_ID`,`STATUS`,`COMPANY_ID`,`BRANCH_ID`,`CREATED_BY`,`CREATE_DATE`,`UPDATED_BY`,`UPDATE_DATE`) VALUES 
 (1,'kolar',7,0000000000,0,0,NULL,NULL,NULL,'2021-02-18'),
 (2,'poket',7,0000000000,0,0,NULL,NULL,NULL,'2021-02-18'),
 (3,'button',7,0000000000,0,0,NULL,NULL,NULL,'2021-02-18'),
 (4,'kolar style',9,0000000000,0,0,NULL,NULL,NULL,'2021-02-18');
/*!40000 ALTER TABLE `desigen_model` ENABLE KEYS */;


--
-- Definition of table `designe_cat`
--

DROP TABLE IF EXISTS `designe_cat`;
CREATE TABLE `designe_cat` (
  `D_ID` int(10) NOT NULL auto_increment,
  `DESIGNE` varchar(150) NOT NULL,
  `STATUS` int(10) unsigned zerofill default NULL,
  `COMPANY_ID` int(10) default NULL,
  `BRANCH_ID` int(10) default NULL,
  `CREATED_BY` varchar(50) default NULL,
  `CREATE_DATE` datetime default NULL,
  `UPDATED_BY` varchar(45) default NULL,
  `UPDATE_DATE` date default NULL,
  PRIMARY KEY  (`D_ID`)
) ENGINE=InnoDB AUTO_INCREMENT=3 DEFAULT CHARSET=latin1;

--
-- Dumping data for table `designe_cat`
--

/*!40000 ALTER TABLE `designe_cat` DISABLE KEYS */;
INSERT INTO `designe_cat` (`D_ID`,`DESIGNE`,`STATUS`,`COMPANY_ID`,`BRANCH_ID`,`CREATED_BY`,`CREATE_DATE`,`UPDATED_BY`,`UPDATE_DATE`) VALUES 
 (1,'kolor',0000000000,0,0,NULL,'2021-02-24 12:45:55',NULL,'2021-02-24'),
 (2,'kop',0000000000,0,0,NULL,'2021-02-24 17:06:57',NULL,'2021-02-24');
/*!40000 ALTER TABLE `designe_cat` ENABLE KEYS */;


--
-- Definition of table `designe_sub_cat`
--

DROP TABLE IF EXISTS `designe_sub_cat`;
CREATE TABLE `designe_sub_cat` (
  `DS_ID` int(10) NOT NULL auto_increment,
  `MASURMENT_NAME` varchar(150) NOT NULL,
  `D_ID` int(10) default NULL,
  `STATUS` int(10) default NULL,
  `COMPANY_ID` int(10) default NULL,
  `BRANCH_ID` int(10) default NULL,
  `CREATED_BY` varchar(50) default NULL,
  `CREATE_DATE` datetime default NULL,
  `UPDATED_BY` varchar(45) default NULL,
  `UPDATE_DATE` date default NULL,
  PRIMARY KEY  (`DS_ID`),
  KEY `FK_designe_sub_cat_1` (`D_ID`),
  CONSTRAINT `FK_designe_sub_cat_1` FOREIGN KEY (`D_ID`) REFERENCES `designe_cat` (`D_ID`)
) ENGINE=InnoDB AUTO_INCREMENT=7 DEFAULT CHARSET=latin1;

--
-- Dumping data for table `designe_sub_cat`
--

/*!40000 ALTER TABLE `designe_sub_cat` DISABLE KEYS */;
INSERT INTO `designe_sub_cat` (`DS_ID`,`MASURMENT_NAME`,`D_ID`,`STATUS`,`COMPANY_ID`,`BRANCH_ID`,`CREATED_BY`,`CREATE_DATE`,`UPDATED_BY`,`UPDATE_DATE`) VALUES 
 (1,'22.5',1,0,0,0,NULL,'2021-02-24 13:03:28',NULL,'2021-02-24'),
 (2,'22.25',1,0,0,0,NULL,'2021-02-24 13:03:34',NULL,'2021-02-24'),
 (3,'22.74',1,0,0,0,NULL,'2021-02-24 13:04:27',NULL,'2021-02-24'),
 (4,'12.20',2,0,0,0,NULL,'2021-02-24 17:07:05',NULL,'2021-02-24'),
 (5,'12.5',2,0,0,0,NULL,'2021-02-24 17:07:13',NULL,'2021-02-24'),
 (6,'12.75',2,0,0,0,NULL,'2021-02-24 17:07:21',NULL,'2021-02-24');
/*!40000 ALTER TABLE `designe_sub_cat` ENABLE KEYS */;


--
-- Definition of table `item_info`
--

DROP TABLE IF EXISTS `item_info`;
CREATE TABLE `item_info` (
  `I_ID` int(10) NOT NULL auto_increment,
  `C_ID` int(10) NOT NULL,
  `ITEM_NAME` varchar(150) NOT NULL,
  `ITEM_AMOUNT` int(10) unsigned NOT NULL,
  `STATUS` int(10) unsigned zerofill default NULL,
  `COMPANY_ID` int(10) default NULL,
  `BRANCH_ID` int(10) default NULL,
  `CREATED_BY` varchar(50) default NULL,
  `CREATE_DATE` datetime default NULL,
  `UPDATED_BY` varchar(45) default NULL,
  `UPDATE_DATE` date default NULL,
  PRIMARY KEY  (`I_ID`),
  KEY `FK_item_info_1` (`C_ID`),
  CONSTRAINT `FK_item_info_1` FOREIGN KEY (`C_ID`) REFERENCES `category` (`C_ID`)
) ENGINE=InnoDB AUTO_INCREMENT=10 DEFAULT CHARSET=latin1 ROW_FORMAT=DYNAMIC;

--
-- Dumping data for table `item_info`
--

/*!40000 ALTER TABLE `item_info` DISABLE KEYS */;
INSERT INTO `item_info` (`I_ID`,`C_ID`,`ITEM_NAME`,`ITEM_AMOUNT`,`STATUS`,`COMPANY_ID`,`BRANCH_ID`,`CREATED_BY`,`CREATE_DATE`,`UPDATED_BY`,`UPDATE_DATE`) VALUES 
 (7,5,'T-Shirt',500,0000000000,0,0,NULL,NULL,NULL,'2021-02-18'),
 (8,5,'half',400,0000000000,0,0,NULL,NULL,NULL,'2021-02-18'),
 (9,6,'jubba',399,0000000000,0,0,NULL,NULL,NULL,'2021-02-18');
/*!40000 ALTER TABLE `item_info` ENABLE KEYS */;


--
-- Definition of table `items_model`
--

DROP TABLE IF EXISTS `items_model`;
CREATE TABLE `items_model` (
  `ID` int(10) unsigned NOT NULL auto_increment,
  `MODEL_NAME` varchar(150) NOT NULL,
  `I_ID` int(10) NOT NULL,
  `STATUS` int(10) unsigned zerofill default NULL,
  `CREATED_BY` varchar(50) default NULL,
  `CREATE_DATE` datetime default NULL,
  `UPDATED_BY` varchar(45) default NULL,
  `UPDATE_DATE` date default NULL,
  PRIMARY KEY  (`ID`),
  KEY `FK_items_model_1` (`I_ID`),
  CONSTRAINT `FK_items_model_1` FOREIGN KEY (`I_ID`) REFERENCES `item_info` (`I_ID`)
) ENGINE=InnoDB AUTO_INCREMENT=5 DEFAULT CHARSET=latin1;

--
-- Dumping data for table `items_model`
--

/*!40000 ALTER TABLE `items_model` DISABLE KEYS */;
INSERT INTO `items_model` (`ID`,`MODEL_NAME`,`I_ID`,`STATUS`,`CREATED_BY`,`CREATE_DATE`,`UPDATED_BY`,`UPDATE_DATE`) VALUES 
 (1,'long hand',1,0000000000,NULL,NULL,NULL,'2021-02-13'),
 (2,'hata',6,0000000000,NULL,NULL,NULL,'2021-02-13'),
 (3,'kolor',6,0000000000,NULL,NULL,NULL,'2021-02-17'),
 (4,'botton',6,0000000000,NULL,NULL,NULL,'2021-02-17');
/*!40000 ALTER TABLE `items_model` ENABLE KEYS */;


--
-- Definition of table `measurement`
--

DROP TABLE IF EXISTS `measurement`;
CREATE TABLE `measurement` (
  `M_ID` int(10) NOT NULL auto_increment,
  `I_ID` int(10) NOT NULL,
  `M_NAME` varchar(150) NOT NULL,
  `M_VALUE` double default NULL,
  `STATUS` int(10) unsigned zerofill default NULL,
  `COMPANY_ID` int(10) default NULL,
  `BRANCH_ID` int(10) default NULL,
  `CREATED_BY` varchar(50) default NULL,
  `CREATE_DATE` datetime default NULL,
  `UPDATED_BY` varchar(45) default NULL,
  `UPDATE_DATE` date default NULL,
  PRIMARY KEY  (`M_ID`),
  KEY `FK_measurement_1` (`I_ID`),
  CONSTRAINT `FK_measurement_1` FOREIGN KEY (`I_ID`) REFERENCES `item_info` (`I_ID`)
) ENGINE=InnoDB AUTO_INCREMENT=19 DEFAULT CHARSET=latin1 ROW_FORMAT=FIXED;

--
-- Dumping data for table `measurement`
--

/*!40000 ALTER TABLE `measurement` DISABLE KEYS */;
INSERT INTO `measurement` (`M_ID`,`I_ID`,`M_NAME`,`M_VALUE`,`STATUS`,`COMPANY_ID`,`BRANCH_ID`,`CREATED_BY`,`CREATE_DATE`,`UPDATED_BY`,`UPDATE_DATE`) VALUES 
 (14,7,'hata',0,0000000000,0,0,NULL,NULL,NULL,'2021-02-18'),
 (15,7,'chest',0,0000000000,0,0,NULL,NULL,NULL,'2021-02-18'),
 (16,7,'Neck',0,0000000000,0,0,NULL,NULL,NULL,'2021-02-18'),
 (17,9,'hata',0,0000000000,0,0,NULL,NULL,NULL,'2021-02-18'),
 (18,9,'long',0,0000000000,0,0,NULL,NULL,NULL,'2021-02-18');
/*!40000 ALTER TABLE `measurement` ENABLE KEYS */;


--
-- Definition of table `oauth_client_details`
--

DROP TABLE IF EXISTS `oauth_client_details`;
CREATE TABLE `oauth_client_details` (
  `CLIENT_ID` varchar(255) NOT NULL,
  `CLIENT_SECRET` varchar(255) NOT NULL,
  `RESOURCE_IDS` varchar(255) default NULL,
  `SCOPE` varchar(255) default NULL,
  `AUTHORIZED_GRANT_TYPES` varchar(255) default NULL,
  `WEB_SERVER_REDIRECT_URI` varchar(255) default NULL,
  `AUTHORITIES` varchar(255) default NULL,
  `ACCESS_TOKEN_VALIDITY` int(11) default NULL,
  `REFRESH_TOKEN_VALIDITY` int(11) default NULL,
  `ADDITIONAL_INFORMATION` varchar(4096) default NULL,
  `AUTOAPPROVE` varchar(255) default NULL,
  PRIMARY KEY  (`CLIENT_ID`)
) ENGINE=MyISAM DEFAULT CHARSET=utf8;

--
-- Dumping data for table `oauth_client_details`
--

/*!40000 ALTER TABLE `oauth_client_details` DISABLE KEYS */;
INSERT INTO `oauth_client_details` (`CLIENT_ID`,`CLIENT_SECRET`,`RESOURCE_IDS`,`SCOPE`,`AUTHORIZED_GRANT_TYPES`,`WEB_SERVER_REDIRECT_URI`,`AUTHORITIES`,`ACCESS_TOKEN_VALIDITY`,`REFRESH_TOKEN_VALIDITY`,`ADDITIONAL_INFORMATION`,`AUTOAPPROVE`) VALUES 
 ('USER_CLIENT_APP','{bcrypt}$2a$10$EOs8VROb14e7ZnydvXECA.4LoIhPOoFHKvVF/iBZ/ker17Eocz4Vi','USER_CLIENT_RESOURCE,USER_ADMIN_RESOURCE','role_admin,role_user','authorization_code,password,refresh_token,implicit',NULL,NULL,900,3600,'{}',NULL);
/*!40000 ALTER TABLE `oauth_client_details` ENABLE KEYS */;


--
-- Definition of table `orderad`
--

DROP TABLE IF EXISTS `orderad`;
CREATE TABLE `orderad` (
  `ORDERAD_NO` int(10) NOT NULL auto_increment,
  `ORDERM_NO` int(10) default NULL,
  `I_ID` int(10) default NULL,
  `RATE` double default NULL,
  `QTY` int(10) default NULL,
  `I_TOTAL_AMOUNT` double default NULL,
  `COMPANY_ID` int(10) default NULL,
  `BRANCH_ID` int(10) default NULL,
  `CREATED_BY` varchar(45) default NULL,
  `CREATE_DATE` date default NULL,
  `UPDATED_BY` varchar(45) default NULL,
  `UPDATE_DATE` date default NULL,
  `DM` varchar(150) default NULL,
  `ITEM_NAME` varchar(150) default NULL,
  PRIMARY KEY  (`ORDERAD_NO`)
) ENGINE=InnoDB AUTO_INCREMENT=90 DEFAULT CHARSET=latin1 ROW_FORMAT=DYNAMIC;

--
-- Dumping data for table `orderad`
--

/*!40000 ALTER TABLE `orderad` DISABLE KEYS */;
INSERT INTO `orderad` (`ORDERAD_NO`,`ORDERM_NO`,`I_ID`,`RATE`,`QTY`,`I_TOTAL_AMOUNT`,`COMPANY_ID`,`BRANCH_ID`,`CREATED_BY`,`CREATE_DATE`,`UPDATED_BY`,`UPDATE_DATE`,`DM`,`ITEM_NAME`) VALUES 
 (77,638536622,7,400,3,0,0,0,NULL,'2021-02-18',NULL,'2021-02-18','2','half'),
 (79,638765260,7,500,1,0,0,0,NULL,'2021-02-18',NULL,'2021-02-22','','T-Shirt'),
 (80,985481178,7,500,1,0,0,0,NULL,'2021-02-22',NULL,'2021-02-22','2','T-Shirt'),
 (81,985481178,9,399,1,0,0,0,NULL,'2021-02-22',NULL,'2021-02-22','1,3,4','jubba'),
 (83,799983549,7,500,3,0,0,0,NULL,'2021-02-20',NULL,'2021-02-20','1,2,4','T-Shirt'),
 (84,992309731,7,500,4,0,0,0,NULL,'2021-02-22',NULL,'2021-02-22','2,3,4,1','T-Shirt'),
 (87,406632202,7,500,1,0,0,0,NULL,'2021-02-27',NULL,'2021-02-27','','T-Shirt'),
 (88,413838050,7,500,2,0,0,0,NULL,'2021-02-27',NULL,'2021-02-27','','T-Shirt'),
 (89,634402677,7,500,12,0,0,0,NULL,'2021-02-18',NULL,'2021-02-18','2,3','T-Shirt');
/*!40000 ALTER TABLE `orderad` ENABLE KEYS */;


--
-- Definition of table `orderd`
--

DROP TABLE IF EXISTS `orderd`;
CREATE TABLE `orderd` (
  `ORDERD_NO` int(10) NOT NULL auto_increment,
  `ORDERM_NO` int(10) default NULL,
  `I_ID` int(10) default NULL,
  `M_ID` int(10) default NULL,
  `M_NAME` varchar(45) default NULL,
  `M_VALUE` double default NULL,
  `COMPANY_ID` int(10) default NULL,
  `BRANCH_ID` int(10) default NULL,
  `CREATED_BY` varchar(45) default NULL,
  `CREATE_DATE` date default NULL,
  `UPDATED_BY` varchar(45) default NULL,
  `UPDATE_DATE` date default NULL,
  `DM` varchar(150) default NULL,
  PRIMARY KEY  (`ORDERD_NO`)
) ENGINE=InnoDB AUTO_INCREMENT=3758 DEFAULT CHARSET=latin1 ROW_FORMAT=FIXED;

--
-- Dumping data for table `orderd`
--

/*!40000 ALTER TABLE `orderd` DISABLE KEYS */;
INSERT INTO `orderd` (`ORDERD_NO`,`ORDERM_NO`,`I_ID`,`M_ID`,`M_NAME`,`M_VALUE`,`COMPANY_ID`,`BRANCH_ID`,`CREATED_BY`,`CREATE_DATE`,`UPDATED_BY`,`UPDATE_DATE`,`DM`) VALUES 
 (2558,638536622,9,17,'hata',12,0,0,NULL,'2021-02-22',NULL,'2021-02-18',NULL),
 (2559,638536622,9,18,'long',32,0,0,NULL,'2021-02-22',NULL,'2021-02-18',NULL),
 (2965,638765260,7,14,'hata',23,0,0,NULL,'2021-02-22',NULL,'2021-02-18',NULL),
 (2966,638765260,7,15,'chest',23,0,0,NULL,'2021-02-22',NULL,'2021-02-18',NULL),
 (2967,638765260,7,16,'Neck',33,0,0,NULL,'2021-02-22',NULL,'2021-02-18',NULL),
 (2968,638765260,7,14,'hata',23,0,0,NULL,'2021-02-22',NULL,'2021-02-18',NULL),
 (2969,638765260,7,15,'chest',23,0,0,NULL,'2021-02-22',NULL,'2021-02-18',NULL),
 (2970,638765260,7,16,'Neck',33,0,0,NULL,'2021-02-22',NULL,'2021-02-18',NULL),
 (2971,638765260,7,14,'hata',23,0,0,NULL,'2021-02-22',NULL,'2021-02-18',NULL),
 (2972,638765260,7,15,'chest',23,0,0,NULL,'2021-02-22',NULL,'2021-02-18',NULL),
 (2973,638765260,7,16,'Neck',33,0,0,NULL,'2021-02-22',NULL,'2021-02-18',NULL),
 (2974,638765260,7,14,'hata',23,0,0,NULL,'2021-02-22',NULL,'2021-02-18',NULL),
 (2975,638765260,7,15,'chest',23,0,0,NULL,'2021-02-22',NULL,'2021-02-18',NULL),
 (2976,638765260,7,16,'Neck',33,0,0,NULL,'2021-02-22',NULL,'2021-02-18',NULL),
 (2977,638765260,7,14,'hata',123,0,0,NULL,'2021-02-22',NULL,'2021-02-18',NULL),
 (2978,638765260,7,15,'chest',23,0,0,NULL,'2021-02-22',NULL,'2021-02-18',NULL),
 (2979,638765260,7,16,'Neck',23,0,0,NULL,'2021-02-22',NULL,'2021-02-18',NULL),
 (2980,638765260,7,14,'hata',23,0,0,NULL,'2021-02-22',NULL,'2021-02-18',NULL),
 (2981,638765260,7,15,'chest',23,0,0,NULL,'2021-02-22',NULL,'2021-02-18',NULL),
 (2982,638765260,7,16,'Neck',33,0,0,NULL,'2021-02-22',NULL,'2021-02-18',NULL),
 (2983,638765260,7,14,'hata',23,0,0,NULL,'2021-02-22',NULL,'2021-02-18',NULL),
 (2984,638765260,7,15,'chest',23,0,0,NULL,'2021-02-22',NULL,'2021-02-18',NULL),
 (2985,638765260,7,16,'Neck',33,0,0,NULL,'2021-02-22',NULL,'2021-02-18',NULL),
 (2986,638765260,7,14,'hata',23,0,0,NULL,'2021-02-22',NULL,'2021-02-18',NULL),
 (2987,638765260,7,15,'chest',23,0,0,NULL,'2021-02-22',NULL,'2021-02-18',NULL),
 (2988,638765260,7,16,'Neck',33,0,0,NULL,'2021-02-22',NULL,'2021-02-18',NULL),
 (2989,638765260,7,14,'hata',23,0,0,NULL,'2021-02-22',NULL,'2021-02-18',NULL),
 (2990,638765260,7,15,'chest',23,0,0,NULL,'2021-02-22',NULL,'2021-02-18',NULL),
 (2991,638765260,7,16,'Neck',33,0,0,NULL,'2021-02-22',NULL,'2021-02-18',NULL),
 (2992,638765260,7,14,'hata',123,0,0,NULL,'2021-02-22',NULL,'2021-02-18',NULL),
 (2993,638765260,7,15,'chest',23,0,0,NULL,'2021-02-22',NULL,'2021-02-18',NULL),
 (2994,638765260,7,16,'Neck',23,0,0,NULL,'2021-02-22',NULL,'2021-02-18',NULL),
 (2995,638765260,7,14,'hata',23,0,0,NULL,'2021-02-22',NULL,'2021-02-18',NULL),
 (2996,638765260,7,15,'chest',23,0,0,NULL,'2021-02-22',NULL,'2021-02-18',NULL),
 (2997,638765260,7,16,'Neck',33,0,0,NULL,'2021-02-22',NULL,'2021-02-18',NULL),
 (2998,638765260,7,14,'hata',23,0,0,NULL,'2021-02-22',NULL,'2021-02-18',NULL),
 (2999,638765260,7,15,'chest',23,0,0,NULL,'2021-02-22',NULL,'2021-02-18',NULL),
 (3000,638765260,7,16,'Neck',33,0,0,NULL,'2021-02-22',NULL,'2021-02-18',NULL),
 (3001,638765260,7,14,'hata',23,0,0,NULL,'2021-02-22',NULL,'2021-02-18',NULL),
 (3002,638765260,7,15,'chest',23,0,0,NULL,'2021-02-22',NULL,'2021-02-18',NULL),
 (3003,638765260,7,16,'Neck',33,0,0,NULL,'2021-02-22',NULL,'2021-02-18',NULL),
 (3004,638765260,7,14,'hata',23,0,0,NULL,'2021-02-22',NULL,'2021-02-18',NULL),
 (3005,638765260,7,15,'chest',23,0,0,NULL,'2021-02-22',NULL,'2021-02-18',NULL),
 (3006,638765260,7,16,'Neck',33,0,0,NULL,'2021-02-22',NULL,'2021-02-18',NULL),
 (3007,638765260,7,14,'hata',123,0,0,NULL,'2021-02-22',NULL,'2021-02-18',NULL),
 (3008,638765260,7,15,'chest',23,0,0,NULL,'2021-02-22',NULL,'2021-02-18',NULL),
 (3009,638765260,7,16,'Neck',23,0,0,NULL,'2021-02-22',NULL,'2021-02-18',NULL),
 (3010,638765260,7,14,'hata',23,0,0,NULL,'2021-02-22',NULL,'2021-02-18',NULL),
 (3011,638765260,7,15,'chest',23,0,0,NULL,'2021-02-22',NULL,'2021-02-18',NULL),
 (3012,638765260,7,16,'Neck',33,0,0,NULL,'2021-02-22',NULL,'2021-02-18',NULL),
 (3013,638765260,7,14,'hata',23,0,0,NULL,'2021-02-22',NULL,'2021-02-18',NULL),
 (3014,638765260,7,15,'chest',23,0,0,NULL,'2021-02-22',NULL,'2021-02-18',NULL),
 (3015,638765260,7,16,'Neck',33,0,0,NULL,'2021-02-22',NULL,'2021-02-18',NULL),
 (3016,638765260,7,14,'hata',23,0,0,NULL,'2021-02-22',NULL,'2021-02-18',NULL),
 (3017,638765260,7,15,'chest',23,0,0,NULL,'2021-02-22',NULL,'2021-02-18',NULL),
 (3018,638765260,7,16,'Neck',33,0,0,NULL,'2021-02-22',NULL,'2021-02-18',NULL),
 (3019,638765260,7,14,'hata',23,0,0,NULL,'2021-02-22',NULL,'2021-02-18',NULL),
 (3020,638765260,7,15,'chest',23,0,0,NULL,'2021-02-22',NULL,'2021-02-18',NULL),
 (3021,638765260,7,16,'Neck',33,0,0,NULL,'2021-02-22',NULL,'2021-02-18',NULL),
 (3022,638765260,7,14,'hata',123,0,0,NULL,'2021-02-22',NULL,'2021-02-18',NULL),
 (3023,638765260,7,15,'chest',23,0,0,NULL,'2021-02-22',NULL,'2021-02-18',NULL),
 (3024,638765260,7,16,'Neck',23,0,0,NULL,'2021-02-22',NULL,'2021-02-18',NULL),
 (3025,638765260,7,14,'hata',23,0,0,NULL,'2021-02-22',NULL,'2021-02-18',NULL),
 (3026,638765260,7,15,'chest',23,0,0,NULL,'2021-02-22',NULL,'2021-02-18',NULL),
 (3027,638765260,7,16,'Neck',33,0,0,NULL,'2021-02-22',NULL,'2021-02-18',NULL),
 (3028,638765260,7,14,'hata',23,0,0,NULL,'2021-02-22',NULL,'2021-02-18',NULL),
 (3029,638765260,7,15,'chest',23,0,0,NULL,'2021-02-22',NULL,'2021-02-18',NULL),
 (3030,638765260,7,16,'Neck',33,0,0,NULL,'2021-02-22',NULL,'2021-02-18',NULL),
 (3031,638765260,7,14,'hata',23,0,0,NULL,'2021-02-22',NULL,'2021-02-18',NULL),
 (3032,638765260,7,15,'chest',23,0,0,NULL,'2021-02-22',NULL,'2021-02-18',NULL),
 (3033,638765260,7,16,'Neck',33,0,0,NULL,'2021-02-22',NULL,'2021-02-18',NULL),
 (3034,638765260,7,14,'hata',23,0,0,NULL,'2021-02-22',NULL,'2021-02-18',NULL),
 (3035,638765260,7,15,'chest',23,0,0,NULL,'2021-02-22',NULL,'2021-02-18',NULL),
 (3036,638765260,7,16,'Neck',33,0,0,NULL,'2021-02-22',NULL,'2021-02-18',NULL),
 (3037,638765260,7,14,'hata',123,0,0,NULL,'2021-02-22',NULL,'2021-02-18',NULL),
 (3038,638765260,7,15,'chest',23,0,0,NULL,'2021-02-22',NULL,'2021-02-18',NULL),
 (3039,638765260,7,16,'Neck',23,0,0,NULL,'2021-02-22',NULL,'2021-02-18',NULL),
 (3040,638765260,7,14,'hata',23,0,0,NULL,'2021-02-22',NULL,'2021-02-18',NULL),
 (3041,638765260,7,15,'chest',23,0,0,NULL,'2021-02-22',NULL,'2021-02-18',NULL),
 (3042,638765260,7,16,'Neck',33,0,0,NULL,'2021-02-22',NULL,'2021-02-18',NULL),
 (3043,638765260,7,14,'hata',23,0,0,NULL,'2021-02-22',NULL,'2021-02-18',NULL),
 (3044,638765260,7,15,'chest',23,0,0,NULL,'2021-02-22',NULL,'2021-02-18',NULL),
 (3045,638765260,7,16,'Neck',33,0,0,NULL,'2021-02-22',NULL,'2021-02-18',NULL),
 (3046,638765260,7,14,'hata',23,0,0,NULL,'2021-02-22',NULL,'2021-02-18',NULL),
 (3047,638765260,7,15,'chest',23,0,0,NULL,'2021-02-22',NULL,'2021-02-18',NULL),
 (3048,638765260,7,16,'Neck',33,0,0,NULL,'2021-02-22',NULL,'2021-02-18',NULL),
 (3049,638765260,7,14,'hata',23,0,0,NULL,'2021-02-22',NULL,'2021-02-18',NULL),
 (3050,638765260,7,15,'chest',23,0,0,NULL,'2021-02-22',NULL,'2021-02-18',NULL),
 (3051,638765260,7,16,'Neck',33,0,0,NULL,'2021-02-22',NULL,'2021-02-18',NULL),
 (3052,638765260,7,14,'hata',123,0,0,NULL,'2021-02-22',NULL,'2021-02-18',NULL),
 (3053,638765260,7,15,'chest',23,0,0,NULL,'2021-02-22',NULL,'2021-02-18',NULL),
 (3054,638765260,7,16,'Neck',23,0,0,NULL,'2021-02-22',NULL,'2021-02-18',NULL),
 (3055,638765260,7,14,'hata',23,0,0,NULL,'2021-02-22',NULL,'2021-02-18',NULL),
 (3056,638765260,7,15,'chest',23,0,0,NULL,'2021-02-22',NULL,'2021-02-18',NULL),
 (3057,638765260,7,16,'Neck',33,0,0,NULL,'2021-02-22',NULL,'2021-02-18',NULL),
 (3058,638765260,7,14,'hata',23,0,0,NULL,'2021-02-22',NULL,'2021-02-18',NULL),
 (3059,638765260,7,15,'chest',23,0,0,NULL,'2021-02-22',NULL,'2021-02-18',NULL),
 (3060,638765260,7,16,'Neck',33,0,0,NULL,'2021-02-22',NULL,'2021-02-18',NULL),
 (3061,638765260,7,14,'hata',23,0,0,NULL,'2021-02-22',NULL,'2021-02-18',NULL),
 (3062,638765260,7,15,'chest',23,0,0,NULL,'2021-02-22',NULL,'2021-02-18',NULL),
 (3063,638765260,7,16,'Neck',33,0,0,NULL,'2021-02-22',NULL,'2021-02-18',NULL),
 (3064,638765260,7,14,'hata',23,0,0,NULL,'2021-02-22',NULL,'2021-02-18',NULL),
 (3065,638765260,7,15,'chest',23,0,0,NULL,'2021-02-22',NULL,'2021-02-18',NULL),
 (3066,638765260,7,16,'Neck',33,0,0,NULL,'2021-02-22',NULL,'2021-02-18',NULL),
 (3067,638765260,7,14,'hata',123,0,0,NULL,'2021-02-22',NULL,'2021-02-18',NULL),
 (3068,638765260,7,15,'chest',23,0,0,NULL,'2021-02-22',NULL,'2021-02-18',NULL),
 (3069,638765260,7,16,'Neck',23,0,0,NULL,'2021-02-22',NULL,'2021-02-18',NULL),
 (3070,638765260,7,14,'hata',23,0,0,NULL,'2021-02-22',NULL,'2021-02-18',NULL),
 (3071,638765260,7,15,'chest',23,0,0,NULL,'2021-02-22',NULL,'2021-02-18',NULL),
 (3072,638765260,7,16,'Neck',33,0,0,NULL,'2021-02-22',NULL,'2021-02-18',NULL),
 (3073,638765260,7,14,'hata',23,0,0,NULL,'2021-02-22',NULL,'2021-02-18',NULL),
 (3074,638765260,7,15,'chest',23,0,0,NULL,'2021-02-22',NULL,'2021-02-18',NULL),
 (3075,638765260,7,16,'Neck',33,0,0,NULL,'2021-02-22',NULL,'2021-02-18',NULL),
 (3076,638765260,7,14,'hata',23,0,0,NULL,'2021-02-22',NULL,'2021-02-18',NULL),
 (3077,638765260,7,15,'chest',23,0,0,NULL,'2021-02-22',NULL,'2021-02-18',NULL),
 (3078,638765260,7,16,'Neck',33,0,0,NULL,'2021-02-22',NULL,'2021-02-18',NULL),
 (3079,638765260,7,14,'hata',23,0,0,NULL,'2021-02-22',NULL,'2021-02-18',NULL),
 (3080,638765260,7,15,'chest',23,0,0,NULL,'2021-02-22',NULL,'2021-02-18',NULL),
 (3081,638765260,7,16,'Neck',33,0,0,NULL,'2021-02-22',NULL,'2021-02-18',NULL),
 (3082,638765260,7,14,'hata',123,0,0,NULL,'2021-02-22',NULL,'2021-02-18',NULL),
 (3083,638765260,7,15,'chest',23,0,0,NULL,'2021-02-22',NULL,'2021-02-18',NULL),
 (3084,638765260,7,16,'Neck',23,0,0,NULL,'2021-02-22',NULL,'2021-02-18',NULL),
 (3085,638765260,7,14,'hata',23,0,0,NULL,'2021-02-22',NULL,'2021-02-18',NULL),
 (3086,638765260,7,15,'chest',23,0,0,NULL,'2021-02-22',NULL,'2021-02-18',NULL),
 (3087,638765260,7,16,'Neck',33,0,0,NULL,'2021-02-22',NULL,'2021-02-18',NULL),
 (3088,638765260,7,14,'hata',23,0,0,NULL,'2021-02-22',NULL,'2021-02-18',NULL),
 (3089,638765260,7,15,'chest',23,0,0,NULL,'2021-02-22',NULL,'2021-02-18',NULL),
 (3090,638765260,7,16,'Neck',33,0,0,NULL,'2021-02-22',NULL,'2021-02-18',NULL),
 (3091,638765260,7,14,'hata',23,0,0,NULL,'2021-02-22',NULL,'2021-02-18',NULL),
 (3092,638765260,7,15,'chest',23,0,0,NULL,'2021-02-22',NULL,'2021-02-18',NULL),
 (3093,638765260,7,16,'Neck',33,0,0,NULL,'2021-02-22',NULL,'2021-02-18',NULL),
 (3094,638765260,7,14,'hata',23,0,0,NULL,'2021-02-22',NULL,'2021-02-18',NULL),
 (3095,638765260,7,15,'chest',23,0,0,NULL,'2021-02-22',NULL,'2021-02-18',NULL),
 (3096,638765260,7,16,'Neck',33,0,0,NULL,'2021-02-22',NULL,'2021-02-18',NULL),
 (3097,638765260,7,14,'hata',123,0,0,NULL,'2021-02-22',NULL,'2021-02-18',NULL),
 (3098,638765260,7,15,'chest',23,0,0,NULL,'2021-02-22',NULL,'2021-02-18',NULL),
 (3099,638765260,7,16,'Neck',23,0,0,NULL,'2021-02-22',NULL,'2021-02-18',NULL),
 (3100,638765260,7,14,'hata',23,0,0,NULL,'2021-02-22',NULL,'2021-02-18',NULL),
 (3101,638765260,7,15,'chest',23,0,0,NULL,'2021-02-22',NULL,'2021-02-18',NULL),
 (3102,638765260,7,16,'Neck',33,0,0,NULL,'2021-02-22',NULL,'2021-02-18',NULL),
 (3103,638765260,7,14,'hata',23,0,0,NULL,'2021-02-22',NULL,'2021-02-18',NULL),
 (3104,638765260,7,15,'chest',23,0,0,NULL,'2021-02-22',NULL,'2021-02-18',NULL),
 (3105,638765260,7,16,'Neck',33,0,0,NULL,'2021-02-22',NULL,'2021-02-18',NULL),
 (3106,638765260,7,14,'hata',23,0,0,NULL,'2021-02-22',NULL,'2021-02-18',NULL),
 (3107,638765260,7,15,'chest',23,0,0,NULL,'2021-02-22',NULL,'2021-02-18',NULL),
 (3108,638765260,7,16,'Neck',33,0,0,NULL,'2021-02-22',NULL,'2021-02-18',NULL),
 (3109,638765260,7,14,'hata',23,0,0,NULL,'2021-02-22',NULL,'2021-02-18',NULL),
 (3110,638765260,7,15,'chest',23,0,0,NULL,'2021-02-22',NULL,'2021-02-18',NULL),
 (3111,638765260,7,16,'Neck',33,0,0,NULL,'2021-02-22',NULL,'2021-02-18',NULL),
 (3112,638765260,7,14,'hata',123,0,0,NULL,'2021-02-22',NULL,'2021-02-18',NULL),
 (3113,638765260,7,15,'chest',23,0,0,NULL,'2021-02-22',NULL,'2021-02-18',NULL),
 (3114,638765260,7,16,'Neck',23,0,0,NULL,'2021-02-22',NULL,'2021-02-18',NULL),
 (3115,638765260,7,14,'hata',23,0,0,NULL,'2021-02-22',NULL,'2021-02-18',NULL),
 (3116,638765260,7,15,'chest',23,0,0,NULL,'2021-02-22',NULL,'2021-02-18',NULL),
 (3117,638765260,7,16,'Neck',33,0,0,NULL,'2021-02-22',NULL,'2021-02-18',NULL),
 (3118,638765260,7,14,'hata',23,0,0,NULL,'2021-02-22',NULL,'2021-02-18',NULL),
 (3119,638765260,7,15,'chest',23,0,0,NULL,'2021-02-22',NULL,'2021-02-18',NULL),
 (3120,638765260,7,16,'Neck',33,0,0,NULL,'2021-02-22',NULL,'2021-02-18',NULL),
 (3121,638765260,7,14,'hata',23,0,0,NULL,'2021-02-22',NULL,'2021-02-18',NULL),
 (3122,638765260,7,15,'chest',23,0,0,NULL,'2021-02-22',NULL,'2021-02-18',NULL),
 (3123,638765260,7,16,'Neck',33,0,0,NULL,'2021-02-22',NULL,'2021-02-18',NULL),
 (3124,638765260,7,14,'hata',23,0,0,NULL,'2021-02-22',NULL,'2021-02-18',NULL),
 (3125,638765260,7,15,'chest',23,0,0,NULL,'2021-02-22',NULL,'2021-02-18',NULL),
 (3126,638765260,7,16,'Neck',33,0,0,NULL,'2021-02-22',NULL,'2021-02-18',NULL),
 (3127,638765260,7,14,'hata',123,0,0,NULL,'2021-02-22',NULL,'2021-02-18',NULL),
 (3128,638765260,7,15,'chest',23,0,0,NULL,'2021-02-22',NULL,'2021-02-18',NULL),
 (3129,638765260,7,16,'Neck',23,0,0,NULL,'2021-02-22',NULL,'2021-02-18',NULL),
 (3130,638765260,7,14,'hata',23,0,0,NULL,'2021-02-22',NULL,'2021-02-18',NULL),
 (3131,638765260,7,15,'chest',23,0,0,NULL,'2021-02-22',NULL,'2021-02-18',NULL),
 (3132,638765260,7,16,'Neck',33,0,0,NULL,'2021-02-22',NULL,'2021-02-18',NULL),
 (3133,638765260,7,14,'hata',23,0,0,NULL,'2021-02-22',NULL,'2021-02-18',NULL),
 (3134,638765260,7,15,'chest',23,0,0,NULL,'2021-02-22',NULL,'2021-02-18',NULL),
 (3135,638765260,7,16,'Neck',33,0,0,NULL,'2021-02-22',NULL,'2021-02-18',NULL),
 (3136,638765260,7,14,'hata',23,0,0,NULL,'2021-02-22',NULL,'2021-02-18',NULL),
 (3137,638765260,7,15,'chest',23,0,0,NULL,'2021-02-22',NULL,'2021-02-18',NULL),
 (3138,638765260,7,16,'Neck',33,0,0,NULL,'2021-02-22',NULL,'2021-02-18',NULL),
 (3139,638765260,7,14,'hata',23,0,0,NULL,'2021-02-22',NULL,'2021-02-18',NULL),
 (3140,638765260,7,15,'chest',23,0,0,NULL,'2021-02-22',NULL,'2021-02-18',NULL),
 (3141,638765260,7,16,'Neck',33,0,0,NULL,'2021-02-22',NULL,'2021-02-18',NULL),
 (3142,638765260,7,14,'hata',123,0,0,NULL,'2021-02-22',NULL,'2021-02-18',NULL),
 (3143,638765260,7,15,'chest',23,0,0,NULL,'2021-02-22',NULL,'2021-02-18',NULL),
 (3144,638765260,7,16,'Neck',23,0,0,NULL,'2021-02-22',NULL,'2021-02-18',NULL),
 (3145,638765260,7,14,'hata',23,0,0,NULL,'2021-02-22',NULL,'2021-02-18',NULL),
 (3146,638765260,7,15,'chest',23,0,0,NULL,'2021-02-22',NULL,'2021-02-18',NULL),
 (3147,638765260,7,16,'Neck',33,0,0,NULL,'2021-02-22',NULL,'2021-02-18',NULL),
 (3148,638765260,7,14,'hata',23,0,0,NULL,'2021-02-22',NULL,'2021-02-18',NULL),
 (3149,638765260,7,15,'chest',23,0,0,NULL,'2021-02-22',NULL,'2021-02-18',NULL),
 (3150,638765260,7,16,'Neck',33,0,0,NULL,'2021-02-22',NULL,'2021-02-18',NULL),
 (3151,638765260,7,14,'hata',23,0,0,NULL,'2021-02-22',NULL,'2021-02-18',NULL),
 (3152,638765260,7,15,'chest',23,0,0,NULL,'2021-02-22',NULL,'2021-02-18',NULL),
 (3153,638765260,7,16,'Neck',33,0,0,NULL,'2021-02-22',NULL,'2021-02-18',NULL),
 (3154,638765260,7,14,'hata',23,0,0,NULL,'2021-02-22',NULL,'2021-02-18',NULL),
 (3155,638765260,7,15,'chest',23,0,0,NULL,'2021-02-22',NULL,'2021-02-18',NULL),
 (3156,638765260,7,16,'Neck',33,0,0,NULL,'2021-02-22',NULL,'2021-02-18',NULL),
 (3157,638765260,7,14,'hata',123,0,0,NULL,'2021-02-22',NULL,'2021-02-18',NULL),
 (3158,638765260,7,15,'chest',23,0,0,NULL,'2021-02-22',NULL,'2021-02-18',NULL),
 (3159,638765260,7,16,'Neck',23,0,0,NULL,'2021-02-22',NULL,'2021-02-18',NULL),
 (3160,638765260,7,14,'hata',23,0,0,NULL,'2021-02-22',NULL,'2021-02-18',NULL),
 (3161,638765260,7,15,'chest',23,0,0,NULL,'2021-02-22',NULL,'2021-02-18',NULL),
 (3162,638765260,7,16,'Neck',33,0,0,NULL,'2021-02-22',NULL,'2021-02-18',NULL),
 (3163,638765260,7,14,'hata',23,0,0,NULL,'2021-02-22',NULL,'2021-02-18',NULL),
 (3164,638765260,7,15,'chest',23,0,0,NULL,'2021-02-22',NULL,'2021-02-18',NULL),
 (3165,638765260,7,16,'Neck',33,0,0,NULL,'2021-02-22',NULL,'2021-02-18',NULL),
 (3166,638765260,7,14,'hata',23,0,0,NULL,'2021-02-22',NULL,'2021-02-18',NULL),
 (3167,638765260,7,15,'chest',23,0,0,NULL,'2021-02-22',NULL,'2021-02-18',NULL),
 (3168,638765260,7,16,'Neck',33,0,0,NULL,'2021-02-22',NULL,'2021-02-18',NULL),
 (3169,638765260,7,14,'hata',23,0,0,NULL,'2021-02-22',NULL,'2021-02-18',NULL),
 (3170,638765260,7,15,'chest',23,0,0,NULL,'2021-02-22',NULL,'2021-02-18',NULL),
 (3171,638765260,7,16,'Neck',33,0,0,NULL,'2021-02-22',NULL,'2021-02-18',NULL),
 (3172,638765260,7,14,'hata',123,0,0,NULL,'2021-02-22',NULL,'2021-02-18',NULL),
 (3173,638765260,7,15,'chest',23,0,0,NULL,'2021-02-22',NULL,'2021-02-18',NULL),
 (3174,638765260,7,16,'Neck',23,0,0,NULL,'2021-02-22',NULL,'2021-02-18',NULL),
 (3175,638765260,7,14,'hata',23,0,0,NULL,'2021-02-22',NULL,'2021-02-18',NULL),
 (3176,638765260,7,15,'chest',23,0,0,NULL,'2021-02-22',NULL,'2021-02-18',NULL),
 (3177,638765260,7,16,'Neck',33,0,0,NULL,'2021-02-22',NULL,'2021-02-18',NULL),
 (3178,638765260,7,14,'hata',23,0,0,NULL,'2021-02-22',NULL,'2021-02-18',NULL),
 (3179,638765260,7,15,'chest',23,0,0,NULL,'2021-02-22',NULL,'2021-02-18',NULL),
 (3180,638765260,7,16,'Neck',33,0,0,NULL,'2021-02-22',NULL,'2021-02-18',NULL),
 (3181,638765260,7,14,'hata',23,0,0,NULL,'2021-02-22',NULL,'2021-02-18',NULL),
 (3182,638765260,7,15,'chest',23,0,0,NULL,'2021-02-22',NULL,'2021-02-18',NULL),
 (3183,638765260,7,16,'Neck',33,0,0,NULL,'2021-02-22',NULL,'2021-02-18',NULL),
 (3184,638765260,7,14,'hata',23,0,0,NULL,'2021-02-22',NULL,'2021-02-18',NULL),
 (3185,638765260,7,15,'chest',23,0,0,NULL,'2021-02-22',NULL,'2021-02-18',NULL),
 (3186,638765260,7,16,'Neck',33,0,0,NULL,'2021-02-22',NULL,'2021-02-18',NULL),
 (3187,638765260,7,14,'hata',123,0,0,NULL,'2021-02-22',NULL,'2021-02-18',NULL),
 (3188,638765260,7,15,'chest',23,0,0,NULL,'2021-02-22',NULL,'2021-02-18',NULL),
 (3189,638765260,7,16,'Neck',23,0,0,NULL,'2021-02-22',NULL,'2021-02-18',NULL),
 (3190,638765260,7,14,'hata',23,0,0,NULL,'2021-02-22',NULL,'2021-02-18',NULL),
 (3191,638765260,7,15,'chest',23,0,0,NULL,'2021-02-22',NULL,'2021-02-18',NULL),
 (3192,638765260,7,16,'Neck',33,0,0,NULL,'2021-02-22',NULL,'2021-02-18',NULL),
 (3193,638765260,7,14,'hata',23,0,0,NULL,'2021-02-22',NULL,'2021-02-18',NULL),
 (3194,638765260,7,15,'chest',23,0,0,NULL,'2021-02-22',NULL,'2021-02-18',NULL),
 (3195,638765260,7,16,'Neck',33,0,0,NULL,'2021-02-22',NULL,'2021-02-18',NULL),
 (3196,638765260,7,14,'hata',23,0,0,NULL,'2021-02-22',NULL,'2021-02-18',NULL),
 (3197,638765260,7,15,'chest',23,0,0,NULL,'2021-02-22',NULL,'2021-02-18',NULL),
 (3198,638765260,7,16,'Neck',33,0,0,NULL,'2021-02-22',NULL,'2021-02-18',NULL),
 (3199,638765260,7,14,'hata',23,0,0,NULL,'2021-02-22',NULL,'2021-02-18',NULL),
 (3200,638765260,7,15,'chest',23,0,0,NULL,'2021-02-22',NULL,'2021-02-18',NULL),
 (3201,638765260,7,16,'Neck',33,0,0,NULL,'2021-02-22',NULL,'2021-02-18',NULL),
 (3202,638765260,7,14,'hata',123,0,0,NULL,'2021-02-22',NULL,'2021-02-18',NULL),
 (3203,638765260,7,15,'chest',23,0,0,NULL,'2021-02-22',NULL,'2021-02-18',NULL),
 (3204,638765260,7,16,'Neck',23,0,0,NULL,'2021-02-22',NULL,'2021-02-18',NULL),
 (3205,638765260,7,14,'hata',23,0,0,NULL,'2021-02-22',NULL,'2021-02-18',NULL),
 (3206,638765260,7,15,'chest',23,0,0,NULL,'2021-02-22',NULL,'2021-02-18',NULL),
 (3207,638765260,7,16,'Neck',33,0,0,NULL,'2021-02-22',NULL,'2021-02-18',NULL),
 (3208,638765260,7,14,'hata',23,0,0,NULL,'2021-02-22',NULL,'2021-02-18',NULL),
 (3209,638765260,7,15,'chest',23,0,0,NULL,'2021-02-22',NULL,'2021-02-18',NULL),
 (3210,638765260,7,16,'Neck',33,0,0,NULL,'2021-02-22',NULL,'2021-02-18',NULL),
 (3211,638765260,7,14,'hata',23,0,0,NULL,'2021-02-22',NULL,'2021-02-18',NULL),
 (3212,638765260,7,15,'chest',23,0,0,NULL,'2021-02-22',NULL,'2021-02-18',NULL),
 (3213,638765260,7,16,'Neck',33,0,0,NULL,'2021-02-22',NULL,'2021-02-18',NULL),
 (3214,638765260,7,14,'hata',23,0,0,NULL,'2021-02-22',NULL,'2021-02-18',NULL),
 (3215,638765260,7,15,'chest',23,0,0,NULL,'2021-02-22',NULL,'2021-02-18',NULL),
 (3216,638765260,7,16,'Neck',33,0,0,NULL,'2021-02-22',NULL,'2021-02-18',NULL),
 (3217,638765260,7,14,'hata',123,0,0,NULL,'2021-02-22',NULL,'2021-02-18',NULL),
 (3218,638765260,7,15,'chest',23,0,0,NULL,'2021-02-22',NULL,'2021-02-18',NULL),
 (3219,638765260,7,16,'Neck',23,0,0,NULL,'2021-02-22',NULL,'2021-02-18',NULL),
 (3220,638765260,7,14,'hata',23,0,0,NULL,'2021-02-22',NULL,'2021-02-18',NULL),
 (3221,638765260,7,15,'chest',23,0,0,NULL,'2021-02-22',NULL,'2021-02-18',NULL),
 (3222,638765260,7,16,'Neck',33,0,0,NULL,'2021-02-22',NULL,'2021-02-18',NULL),
 (3223,638765260,7,14,'hata',23,0,0,NULL,'2021-02-22',NULL,'2021-02-18',NULL),
 (3224,638765260,7,15,'chest',23,0,0,NULL,'2021-02-22',NULL,'2021-02-18',NULL),
 (3225,638765260,7,16,'Neck',33,0,0,NULL,'2021-02-22',NULL,'2021-02-18',NULL),
 (3226,638765260,7,14,'hata',23,0,0,NULL,'2021-02-22',NULL,'2021-02-18',NULL),
 (3227,638765260,7,15,'chest',23,0,0,NULL,'2021-02-22',NULL,'2021-02-18',NULL),
 (3228,638765260,7,16,'Neck',33,0,0,NULL,'2021-02-22',NULL,'2021-02-18',NULL),
 (3229,638765260,7,14,'hata',23,0,0,NULL,'2021-02-22',NULL,'2021-02-18',NULL),
 (3230,638765260,7,15,'chest',23,0,0,NULL,'2021-02-22',NULL,'2021-02-18',NULL),
 (3231,638765260,7,16,'Neck',33,0,0,NULL,'2021-02-22',NULL,'2021-02-18',NULL),
 (3232,638765260,7,14,'hata',123,0,0,NULL,'2021-02-22',NULL,'2021-02-18',NULL),
 (3233,638765260,7,15,'chest',23,0,0,NULL,'2021-02-22',NULL,'2021-02-18',NULL),
 (3234,638765260,7,16,'Neck',23,0,0,NULL,'2021-02-22',NULL,'2021-02-18',NULL),
 (3235,638765260,7,14,'hata',23,0,0,NULL,'2021-02-22',NULL,'2021-02-18',NULL),
 (3236,638765260,7,15,'chest',23,0,0,NULL,'2021-02-22',NULL,'2021-02-18',NULL),
 (3237,638765260,7,16,'Neck',33,0,0,NULL,'2021-02-22',NULL,'2021-02-18',NULL),
 (3238,638765260,7,14,'hata',23,0,0,NULL,'2021-02-22',NULL,'2021-02-18',NULL),
 (3239,638765260,7,15,'chest',23,0,0,NULL,'2021-02-22',NULL,'2021-02-18',NULL),
 (3240,638765260,7,16,'Neck',33,0,0,NULL,'2021-02-22',NULL,'2021-02-18',NULL),
 (3241,638765260,7,14,'hata',23,0,0,NULL,'2021-02-22',NULL,'2021-02-18',NULL),
 (3242,638765260,7,15,'chest',23,0,0,NULL,'2021-02-22',NULL,'2021-02-18',NULL),
 (3243,638765260,7,16,'Neck',33,0,0,NULL,'2021-02-22',NULL,'2021-02-18',NULL),
 (3244,638765260,7,14,'hata',23,0,0,NULL,'2021-02-22',NULL,'2021-02-18',NULL),
 (3245,638765260,7,15,'chest',23,0,0,NULL,'2021-02-22',NULL,'2021-02-18',NULL),
 (3246,638765260,7,16,'Neck',33,0,0,NULL,'2021-02-22',NULL,'2021-02-18',NULL),
 (3247,638765260,7,14,'hata',123,0,0,NULL,'2021-02-22',NULL,'2021-02-18',NULL),
 (3248,638765260,7,15,'chest',23,0,0,NULL,'2021-02-22',NULL,'2021-02-18',NULL),
 (3249,638765260,7,16,'Neck',23,0,0,NULL,'2021-02-22',NULL,'2021-02-18',NULL),
 (3250,638765260,7,14,'hata',23,0,0,NULL,'2021-02-22',NULL,'2021-02-18',NULL),
 (3251,638765260,7,15,'chest',23,0,0,NULL,'2021-02-22',NULL,'2021-02-18',NULL),
 (3252,638765260,7,16,'Neck',33,0,0,NULL,'2021-02-22',NULL,'2021-02-18',NULL),
 (3253,638765260,7,14,'hata',23,0,0,NULL,'2021-02-22',NULL,'2021-02-18',NULL),
 (3254,638765260,7,15,'chest',23,0,0,NULL,'2021-02-22',NULL,'2021-02-18',NULL),
 (3255,638765260,7,16,'Neck',33,0,0,NULL,'2021-02-22',NULL,'2021-02-18',NULL),
 (3256,638765260,7,14,'hata',23,0,0,NULL,'2021-02-22',NULL,'2021-02-18',NULL),
 (3257,638765260,7,15,'chest',23,0,0,NULL,'2021-02-22',NULL,'2021-02-18',NULL),
 (3258,638765260,7,16,'Neck',33,0,0,NULL,'2021-02-22',NULL,'2021-02-18',NULL),
 (3259,638765260,7,14,'hata',23,0,0,NULL,'2021-02-22',NULL,'2021-02-18',NULL),
 (3260,638765260,7,15,'chest',23,0,0,NULL,'2021-02-22',NULL,'2021-02-18',NULL),
 (3261,638765260,7,16,'Neck',33,0,0,NULL,'2021-02-22',NULL,'2021-02-18',NULL),
 (3262,638765260,7,14,'hata',123,0,0,NULL,'2021-02-22',NULL,'2021-02-18',NULL),
 (3263,638765260,7,15,'chest',23,0,0,NULL,'2021-02-22',NULL,'2021-02-18',NULL),
 (3264,638765260,7,16,'Neck',23,0,0,NULL,'2021-02-22',NULL,'2021-02-18',NULL),
 (3265,638765260,7,14,'hata',23,0,0,NULL,'2021-02-22',NULL,'2021-02-18',NULL),
 (3266,638765260,7,15,'chest',23,0,0,NULL,'2021-02-22',NULL,'2021-02-18',NULL),
 (3267,638765260,7,16,'Neck',33,0,0,NULL,'2021-02-22',NULL,'2021-02-18',NULL),
 (3268,638765260,7,14,'hata',23,0,0,NULL,'2021-02-22',NULL,'2021-02-18',NULL),
 (3269,638765260,7,15,'chest',23,0,0,NULL,'2021-02-22',NULL,'2021-02-18',NULL),
 (3270,638765260,7,16,'Neck',33,0,0,NULL,'2021-02-22',NULL,'2021-02-18',NULL),
 (3271,638765260,7,14,'hata',23,0,0,NULL,'2021-02-22',NULL,'2021-02-18',NULL),
 (3272,638765260,7,15,'chest',23,0,0,NULL,'2021-02-22',NULL,'2021-02-18',NULL),
 (3273,638765260,7,16,'Neck',33,0,0,NULL,'2021-02-22',NULL,'2021-02-18',NULL),
 (3274,638765260,7,14,'hata',23,0,0,NULL,'2021-02-22',NULL,'2021-02-18',NULL),
 (3275,638765260,7,15,'chest',23,0,0,NULL,'2021-02-22',NULL,'2021-02-18',NULL),
 (3276,638765260,7,16,'Neck',33,0,0,NULL,'2021-02-22',NULL,'2021-02-18',NULL),
 (3277,638765260,7,14,'hata',123,0,0,NULL,'2021-02-22',NULL,'2021-02-18',NULL),
 (3278,638765260,7,15,'chest',23,0,0,NULL,'2021-02-22',NULL,'2021-02-18',NULL),
 (3279,638765260,7,16,'Neck',23,0,0,NULL,'2021-02-22',NULL,'2021-02-18',NULL),
 (3280,638765260,7,14,'hata',23,0,0,NULL,'2021-02-22',NULL,'2021-02-18',NULL),
 (3281,638765260,7,15,'chest',23,0,0,NULL,'2021-02-22',NULL,'2021-02-18',NULL),
 (3282,638765260,7,16,'Neck',33,0,0,NULL,'2021-02-22',NULL,'2021-02-18',NULL),
 (3283,638765260,7,14,'hata',23,0,0,NULL,'2021-02-22',NULL,'2021-02-18',NULL),
 (3284,638765260,7,15,'chest',23,0,0,NULL,'2021-02-22',NULL,'2021-02-18',NULL),
 (3285,638765260,7,16,'Neck',33,0,0,NULL,'2021-02-22',NULL,'2021-02-18',NULL),
 (3286,638765260,7,14,'hata',23,0,0,NULL,'2021-02-22',NULL,'2021-02-18',NULL),
 (3287,638765260,7,15,'chest',23,0,0,NULL,'2021-02-22',NULL,'2021-02-18',NULL),
 (3288,638765260,7,16,'Neck',33,0,0,NULL,'2021-02-22',NULL,'2021-02-18',NULL),
 (3289,638765260,7,14,'hata',23,0,0,NULL,'2021-02-22',NULL,'2021-02-18',NULL),
 (3290,638765260,7,15,'chest',23,0,0,NULL,'2021-02-22',NULL,'2021-02-18',NULL),
 (3291,638765260,7,16,'Neck',33,0,0,NULL,'2021-02-22',NULL,'2021-02-18',NULL),
 (3292,638765260,7,14,'hata',123,0,0,NULL,'2021-02-22',NULL,'2021-02-18',NULL),
 (3293,638765260,7,15,'chest',23,0,0,NULL,'2021-02-22',NULL,'2021-02-18',NULL),
 (3294,638765260,7,16,'Neck',23,0,0,NULL,'2021-02-22',NULL,'2021-02-18',NULL),
 (3295,638765260,7,14,'hata',23,0,0,NULL,'2021-02-22',NULL,'2021-02-18',NULL),
 (3296,638765260,7,15,'chest',23,0,0,NULL,'2021-02-22',NULL,'2021-02-18',NULL),
 (3297,638765260,7,16,'Neck',33,0,0,NULL,'2021-02-22',NULL,'2021-02-18',NULL),
 (3298,638765260,7,14,'hata',23,0,0,NULL,'2021-02-22',NULL,'2021-02-18',NULL),
 (3299,638765260,7,15,'chest',23,0,0,NULL,'2021-02-22',NULL,'2021-02-18',NULL),
 (3300,638765260,7,16,'Neck',33,0,0,NULL,'2021-02-22',NULL,'2021-02-18',NULL),
 (3301,638765260,7,14,'hata',23,0,0,NULL,'2021-02-22',NULL,'2021-02-18',NULL),
 (3302,638765260,7,15,'chest',23,0,0,NULL,'2021-02-22',NULL,'2021-02-18',NULL),
 (3303,638765260,7,16,'Neck',33,0,0,NULL,'2021-02-22',NULL,'2021-02-18',NULL),
 (3304,638765260,7,14,'hata',23,0,0,NULL,'2021-02-22',NULL,'2021-02-18',NULL),
 (3305,638765260,7,15,'chest',23,0,0,NULL,'2021-02-22',NULL,'2021-02-18',NULL),
 (3306,638765260,7,16,'Neck',33,0,0,NULL,'2021-02-22',NULL,'2021-02-18',NULL),
 (3307,638765260,7,14,'hata',123,0,0,NULL,'2021-02-22',NULL,'2021-02-18',NULL),
 (3308,638765260,7,15,'chest',23,0,0,NULL,'2021-02-22',NULL,'2021-02-18',NULL),
 (3309,638765260,7,16,'Neck',23,0,0,NULL,'2021-02-22',NULL,'2021-02-18',NULL),
 (3310,638765260,7,14,'hata',23,0,0,NULL,'2021-02-22',NULL,'2021-02-18',NULL),
 (3311,638765260,7,15,'chest',23,0,0,NULL,'2021-02-22',NULL,'2021-02-18',NULL),
 (3312,638765260,7,16,'Neck',33,0,0,NULL,'2021-02-22',NULL,'2021-02-18',NULL),
 (3313,638765260,7,14,'hata',23,0,0,NULL,'2021-02-22',NULL,'2021-02-18',NULL),
 (3314,638765260,7,15,'chest',23,0,0,NULL,'2021-02-22',NULL,'2021-02-18',NULL),
 (3315,638765260,7,16,'Neck',33,0,0,NULL,'2021-02-22',NULL,'2021-02-18',NULL),
 (3316,638765260,7,14,'hata',23,0,0,NULL,'2021-02-22',NULL,'2021-02-18',NULL),
 (3317,638765260,7,15,'chest',23,0,0,NULL,'2021-02-22',NULL,'2021-02-18',NULL),
 (3318,638765260,7,16,'Neck',33,0,0,NULL,'2021-02-22',NULL,'2021-02-18',NULL),
 (3319,638765260,7,14,'hata',23,0,0,NULL,'2021-02-22',NULL,'2021-02-18',NULL),
 (3320,638765260,7,15,'chest',23,0,0,NULL,'2021-02-22',NULL,'2021-02-18',NULL),
 (3321,638765260,7,16,'Neck',33,0,0,NULL,'2021-02-22',NULL,'2021-02-18',NULL),
 (3322,638765260,7,14,'hata',123,0,0,NULL,'2021-02-22',NULL,'2021-02-18',NULL),
 (3323,638765260,7,15,'chest',23,0,0,NULL,'2021-02-22',NULL,'2021-02-18',NULL),
 (3324,638765260,7,16,'Neck',23,0,0,NULL,'2021-02-22',NULL,'2021-02-18',NULL),
 (3325,638765260,7,14,'hata',23,0,0,NULL,'2021-02-22',NULL,'2021-02-18',NULL),
 (3326,638765260,7,15,'chest',23,0,0,NULL,'2021-02-22',NULL,'2021-02-18',NULL),
 (3327,638765260,7,16,'Neck',33,0,0,NULL,'2021-02-22',NULL,'2021-02-18',NULL),
 (3328,638765260,7,14,'hata',23,0,0,NULL,'2021-02-22',NULL,'2021-02-18',NULL),
 (3329,638765260,7,15,'chest',23,0,0,NULL,'2021-02-22',NULL,'2021-02-18',NULL),
 (3330,638765260,7,16,'Neck',33,0,0,NULL,'2021-02-22',NULL,'2021-02-18',NULL),
 (3331,638765260,7,14,'hata',23,0,0,NULL,'2021-02-22',NULL,'2021-02-18',NULL),
 (3332,638765260,7,15,'chest',23,0,0,NULL,'2021-02-22',NULL,'2021-02-18',NULL),
 (3333,638765260,7,16,'Neck',33,0,0,NULL,'2021-02-22',NULL,'2021-02-18',NULL),
 (3334,638765260,7,14,'hata',23,0,0,NULL,'2021-02-22',NULL,'2021-02-18',NULL),
 (3335,638765260,7,15,'chest',23,0,0,NULL,'2021-02-22',NULL,'2021-02-18',NULL),
 (3336,638765260,7,16,'Neck',33,0,0,NULL,'2021-02-22',NULL,'2021-02-18',NULL),
 (3337,638765260,7,14,'hata',123,0,0,NULL,'2021-02-22',NULL,'2021-02-18',NULL),
 (3338,638765260,7,15,'chest',23,0,0,NULL,'2021-02-22',NULL,'2021-02-18',NULL),
 (3339,638765260,7,16,'Neck',23,0,0,NULL,'2021-02-22',NULL,'2021-02-18',NULL),
 (3340,638765260,7,14,'hata',23,0,0,NULL,'2021-02-22',NULL,'2021-02-18',NULL),
 (3341,638765260,7,15,'chest',23,0,0,NULL,'2021-02-22',NULL,'2021-02-18',NULL),
 (3342,638765260,7,16,'Neck',33,0,0,NULL,'2021-02-22',NULL,'2021-02-18',NULL),
 (3343,638765260,7,14,'hata',23,0,0,NULL,'2021-02-22',NULL,'2021-02-18',NULL),
 (3344,638765260,7,15,'chest',23,0,0,NULL,'2021-02-22',NULL,'2021-02-18',NULL),
 (3345,638765260,7,16,'Neck',33,0,0,NULL,'2021-02-22',NULL,'2021-02-18',NULL),
 (3346,638765260,7,14,'hata',23,0,0,NULL,'2021-02-22',NULL,'2021-02-18',NULL),
 (3347,638765260,7,15,'chest',23,0,0,NULL,'2021-02-22',NULL,'2021-02-18',NULL),
 (3348,638765260,7,16,'Neck',33,0,0,NULL,'2021-02-22',NULL,'2021-02-18',NULL),
 (3349,638765260,7,14,'hata',23,0,0,NULL,'2021-02-22',NULL,'2021-02-18',NULL),
 (3350,638765260,7,15,'chest',23,0,0,NULL,'2021-02-22',NULL,'2021-02-18',NULL),
 (3351,638765260,7,16,'Neck',33,0,0,NULL,'2021-02-22',NULL,'2021-02-18',NULL),
 (3352,638765260,7,14,'hata',123,0,0,NULL,'2021-02-22',NULL,'2021-02-18',NULL),
 (3353,638765260,7,15,'chest',23,0,0,NULL,'2021-02-22',NULL,'2021-02-18',NULL),
 (3354,638765260,7,16,'Neck',23,0,0,NULL,'2021-02-22',NULL,'2021-02-18',NULL),
 (3355,638765260,7,14,'hata',23,0,0,NULL,'2021-02-22',NULL,'2021-02-18',NULL),
 (3356,638765260,7,15,'chest',23,0,0,NULL,'2021-02-22',NULL,'2021-02-18',NULL),
 (3357,638765260,7,16,'Neck',33,0,0,NULL,'2021-02-22',NULL,'2021-02-18',NULL),
 (3358,638765260,7,14,'hata',23,0,0,NULL,'2021-02-22',NULL,'2021-02-18',NULL),
 (3359,638765260,7,15,'chest',23,0,0,NULL,'2021-02-22',NULL,'2021-02-18',NULL),
 (3360,638765260,7,16,'Neck',33,0,0,NULL,'2021-02-22',NULL,'2021-02-18',NULL),
 (3361,638765260,7,14,'hata',23,0,0,NULL,'2021-02-22',NULL,'2021-02-18',NULL),
 (3362,638765260,7,15,'chest',23,0,0,NULL,'2021-02-22',NULL,'2021-02-18',NULL),
 (3363,638765260,7,16,'Neck',33,0,0,NULL,'2021-02-22',NULL,'2021-02-18',NULL),
 (3364,638765260,7,14,'hata',23,0,0,NULL,'2021-02-22',NULL,'2021-02-18',NULL),
 (3365,638765260,7,15,'chest',23,0,0,NULL,'2021-02-22',NULL,'2021-02-18',NULL),
 (3366,638765260,7,16,'Neck',33,0,0,NULL,'2021-02-22',NULL,'2021-02-18',NULL),
 (3367,638765260,7,14,'hata',123,0,0,NULL,'2021-02-22',NULL,'2021-02-18',NULL),
 (3368,638765260,7,15,'chest',23,0,0,NULL,'2021-02-22',NULL,'2021-02-18',NULL),
 (3369,638765260,7,16,'Neck',23,0,0,NULL,'2021-02-22',NULL,'2021-02-18',NULL),
 (3370,638765260,7,14,'hata',23,0,0,NULL,'2021-02-22',NULL,'2021-02-18',NULL),
 (3371,638765260,7,15,'chest',23,0,0,NULL,'2021-02-22',NULL,'2021-02-18',NULL),
 (3372,638765260,7,16,'Neck',33,0,0,NULL,'2021-02-22',NULL,'2021-02-18',NULL),
 (3373,638765260,7,14,'hata',23,0,0,NULL,'2021-02-22',NULL,'2021-02-18',NULL),
 (3374,638765260,7,15,'chest',23,0,0,NULL,'2021-02-22',NULL,'2021-02-18',NULL),
 (3375,638765260,7,16,'Neck',33,0,0,NULL,'2021-02-22',NULL,'2021-02-18',NULL),
 (3376,638765260,7,14,'hata',23,0,0,NULL,'2021-02-22',NULL,'2021-02-18',NULL),
 (3377,638765260,7,15,'chest',23,0,0,NULL,'2021-02-22',NULL,'2021-02-18',NULL),
 (3378,638765260,7,16,'Neck',33,0,0,NULL,'2021-02-22',NULL,'2021-02-18',NULL),
 (3379,638765260,7,14,'hata',23,0,0,NULL,'2021-02-22',NULL,'2021-02-18',NULL),
 (3380,638765260,7,15,'chest',23,0,0,NULL,'2021-02-22',NULL,'2021-02-18',NULL),
 (3381,638765260,7,16,'Neck',33,0,0,NULL,'2021-02-22',NULL,'2021-02-18',NULL),
 (3382,638765260,7,14,'hata',123,0,0,NULL,'2021-02-22',NULL,'2021-02-18',NULL),
 (3383,638765260,7,15,'chest',23,0,0,NULL,'2021-02-22',NULL,'2021-02-18',NULL),
 (3384,638765260,7,16,'Neck',23,0,0,NULL,'2021-02-22',NULL,'2021-02-18',NULL),
 (3385,638765260,7,14,'hata',23,0,0,NULL,'2021-02-22',NULL,'2021-02-18',NULL),
 (3386,638765260,7,15,'chest',23,0,0,NULL,'2021-02-22',NULL,'2021-02-18',NULL),
 (3387,638765260,7,16,'Neck',33,0,0,NULL,'2021-02-22',NULL,'2021-02-18',NULL),
 (3388,638765260,7,14,'hata',23,0,0,NULL,'2021-02-22',NULL,'2021-02-18',NULL),
 (3389,638765260,7,15,'chest',23,0,0,NULL,'2021-02-22',NULL,'2021-02-18',NULL),
 (3390,638765260,7,16,'Neck',33,0,0,NULL,'2021-02-22',NULL,'2021-02-18',NULL),
 (3391,638765260,7,14,'hata',23,0,0,NULL,'2021-02-22',NULL,'2021-02-18',NULL),
 (3392,638765260,7,15,'chest',23,0,0,NULL,'2021-02-22',NULL,'2021-02-18',NULL),
 (3393,638765260,7,16,'Neck',33,0,0,NULL,'2021-02-22',NULL,'2021-02-18',NULL),
 (3394,638765260,7,14,'hata',23,0,0,NULL,'2021-02-22',NULL,'2021-02-18',NULL),
 (3395,638765260,7,15,'chest',23,0,0,NULL,'2021-02-22',NULL,'2021-02-18',NULL),
 (3396,638765260,7,16,'Neck',33,0,0,NULL,'2021-02-22',NULL,'2021-02-18',NULL),
 (3397,638765260,7,14,'hata',123,0,0,NULL,'2021-02-22',NULL,'2021-02-18',NULL),
 (3398,638765260,7,15,'chest',23,0,0,NULL,'2021-02-22',NULL,'2021-02-18',NULL),
 (3399,638765260,7,16,'Neck',23,0,0,NULL,'2021-02-22',NULL,'2021-02-18',NULL),
 (3400,638765260,7,14,'hata',23,0,0,NULL,'2021-02-22',NULL,'2021-02-18',NULL),
 (3401,638765260,7,15,'chest',23,0,0,NULL,'2021-02-22',NULL,'2021-02-18',NULL),
 (3402,638765260,7,16,'Neck',33,0,0,NULL,'2021-02-22',NULL,'2021-02-18',NULL),
 (3403,638765260,7,14,'hata',23,0,0,NULL,'2021-02-22',NULL,'2021-02-18',NULL),
 (3404,638765260,7,15,'chest',23,0,0,NULL,'2021-02-22',NULL,'2021-02-18',NULL),
 (3405,638765260,7,16,'Neck',33,0,0,NULL,'2021-02-22',NULL,'2021-02-18',NULL),
 (3406,638765260,7,14,'hata',23,0,0,NULL,'2021-02-22',NULL,'2021-02-18',NULL),
 (3407,638765260,7,15,'chest',23,0,0,NULL,'2021-02-22',NULL,'2021-02-18',NULL),
 (3408,638765260,7,16,'Neck',33,0,0,NULL,'2021-02-22',NULL,'2021-02-18',NULL),
 (3409,638765260,7,14,'hata',23,0,0,NULL,'2021-02-22',NULL,'2021-02-18',NULL),
 (3410,638765260,7,15,'chest',23,0,0,NULL,'2021-02-22',NULL,'2021-02-18',NULL),
 (3411,638765260,7,16,'Neck',33,0,0,NULL,'2021-02-22',NULL,'2021-02-18',NULL),
 (3412,638765260,7,14,'hata',123,0,0,NULL,'2021-02-22',NULL,'2021-02-18',NULL),
 (3413,638765260,7,15,'chest',23,0,0,NULL,'2021-02-22',NULL,'2021-02-18',NULL),
 (3414,638765260,7,16,'Neck',23,0,0,NULL,'2021-02-22',NULL,'2021-02-18',NULL),
 (3415,638765260,7,14,'hata',23,0,0,NULL,'2021-02-22',NULL,'2021-02-18',NULL),
 (3416,638765260,7,15,'chest',23,0,0,NULL,'2021-02-22',NULL,'2021-02-18',NULL),
 (3417,638765260,7,16,'Neck',33,0,0,NULL,'2021-02-22',NULL,'2021-02-18',NULL),
 (3418,638765260,7,14,'hata',23,0,0,NULL,'2021-02-22',NULL,'2021-02-18',NULL),
 (3419,638765260,7,15,'chest',23,0,0,NULL,'2021-02-22',NULL,'2021-02-18',NULL),
 (3420,638765260,7,16,'Neck',33,0,0,NULL,'2021-02-22',NULL,'2021-02-18',NULL),
 (3421,638765260,7,14,'hata',23,0,0,NULL,'2021-02-22',NULL,'2021-02-18',NULL),
 (3422,638765260,7,15,'chest',23,0,0,NULL,'2021-02-22',NULL,'2021-02-18',NULL),
 (3423,638765260,7,16,'Neck',33,0,0,NULL,'2021-02-22',NULL,'2021-02-18',NULL),
 (3424,638765260,7,14,'hata',23,0,0,NULL,'2021-02-22',NULL,'2021-02-18',NULL),
 (3425,638765260,7,15,'chest',23,0,0,NULL,'2021-02-22',NULL,'2021-02-18',NULL),
 (3426,638765260,7,16,'Neck',33,0,0,NULL,'2021-02-22',NULL,'2021-02-18',NULL),
 (3427,638765260,7,14,'hata',123,0,0,NULL,'2021-02-22',NULL,'2021-02-18',NULL),
 (3428,638765260,7,15,'chest',23,0,0,NULL,'2021-02-22',NULL,'2021-02-18',NULL),
 (3429,638765260,7,16,'Neck',23,0,0,NULL,'2021-02-22',NULL,'2021-02-18',NULL),
 (3430,638765260,7,14,'hata',23,0,0,NULL,'2021-02-22',NULL,'2021-02-18',NULL),
 (3431,638765260,7,15,'chest',23,0,0,NULL,'2021-02-22',NULL,'2021-02-18',NULL),
 (3432,638765260,7,16,'Neck',33,0,0,NULL,'2021-02-22',NULL,'2021-02-18',NULL),
 (3433,638765260,7,14,'hata',23,0,0,NULL,'2021-02-22',NULL,'2021-02-18',NULL),
 (3434,638765260,7,15,'chest',23,0,0,NULL,'2021-02-22',NULL,'2021-02-18',NULL),
 (3435,638765260,7,16,'Neck',33,0,0,NULL,'2021-02-22',NULL,'2021-02-18',NULL),
 (3436,638765260,7,14,'hata',23,0,0,NULL,'2021-02-22',NULL,'2021-02-18',NULL),
 (3437,638765260,7,15,'chest',23,0,0,NULL,'2021-02-22',NULL,'2021-02-18',NULL),
 (3438,638765260,7,16,'Neck',33,0,0,NULL,'2021-02-22',NULL,'2021-02-18',NULL),
 (3439,638765260,7,14,'hata',23,0,0,NULL,'2021-02-22',NULL,'2021-02-18',NULL),
 (3440,638765260,7,15,'chest',23,0,0,NULL,'2021-02-22',NULL,'2021-02-18',NULL),
 (3441,638765260,7,16,'Neck',33,0,0,NULL,'2021-02-22',NULL,'2021-02-18',NULL),
 (3442,638765260,7,14,'hata',123,0,0,NULL,'2021-02-22',NULL,'2021-02-18',NULL),
 (3443,638765260,7,15,'chest',23,0,0,NULL,'2021-02-22',NULL,'2021-02-18',NULL),
 (3444,638765260,7,16,'Neck',23,0,0,NULL,'2021-02-22',NULL,'2021-02-18',NULL),
 (3445,638765260,7,14,'hata',23,0,0,NULL,'2021-02-22',NULL,'2021-02-18',NULL),
 (3446,638765260,7,15,'chest',23,0,0,NULL,'2021-02-22',NULL,'2021-02-18',NULL),
 (3447,638765260,7,16,'Neck',33,0,0,NULL,'2021-02-22',NULL,'2021-02-18',NULL),
 (3448,638765260,7,14,'hata',23,0,0,NULL,'2021-02-22',NULL,'2021-02-18',NULL),
 (3449,638765260,7,15,'chest',23,0,0,NULL,'2021-02-22',NULL,'2021-02-18',NULL),
 (3450,638765260,7,16,'Neck',33,0,0,NULL,'2021-02-22',NULL,'2021-02-18',NULL),
 (3451,638765260,7,14,'hata',23,0,0,NULL,'2021-02-22',NULL,'2021-02-18',NULL),
 (3452,638765260,7,15,'chest',23,0,0,NULL,'2021-02-22',NULL,'2021-02-18',NULL),
 (3453,638765260,7,16,'Neck',33,0,0,NULL,'2021-02-22',NULL,'2021-02-18',NULL),
 (3454,638765260,7,14,'hata',23,0,0,NULL,'2021-02-22',NULL,'2021-02-18',NULL),
 (3455,638765260,7,15,'chest',23,0,0,NULL,'2021-02-22',NULL,'2021-02-18',NULL),
 (3456,638765260,7,16,'Neck',33,0,0,NULL,'2021-02-22',NULL,'2021-02-18',NULL),
 (3457,638765260,7,14,'hata',123,0,0,NULL,'2021-02-22',NULL,'2021-02-18',NULL),
 (3458,638765260,7,15,'chest',23,0,0,NULL,'2021-02-22',NULL,'2021-02-18',NULL),
 (3459,638765260,7,16,'Neck',23,0,0,NULL,'2021-02-22',NULL,'2021-02-18',NULL),
 (3460,638765260,7,14,'hata',23,0,0,NULL,'2021-02-22',NULL,'2021-02-18',NULL),
 (3461,638765260,7,15,'chest',23,0,0,NULL,'2021-02-22',NULL,'2021-02-18',NULL),
 (3462,638765260,7,16,'Neck',33,0,0,NULL,'2021-02-22',NULL,'2021-02-18',NULL),
 (3463,638765260,7,14,'hata',23,0,0,NULL,'2021-02-22',NULL,'2021-02-18',NULL),
 (3464,638765260,7,15,'chest',23,0,0,NULL,'2021-02-22',NULL,'2021-02-18',NULL),
 (3465,638765260,7,16,'Neck',33,0,0,NULL,'2021-02-22',NULL,'2021-02-18',NULL),
 (3466,638765260,7,14,'hata',23,0,0,NULL,'2021-02-22',NULL,'2021-02-18',NULL),
 (3467,638765260,7,15,'chest',23,0,0,NULL,'2021-02-22',NULL,'2021-02-18',NULL),
 (3468,638765260,7,16,'Neck',33,0,0,NULL,'2021-02-22',NULL,'2021-02-18',NULL),
 (3469,638765260,7,14,'hata',23,0,0,NULL,'2021-02-22',NULL,'2021-02-18',NULL),
 (3470,638765260,7,15,'chest',23,0,0,NULL,'2021-02-22',NULL,'2021-02-18',NULL),
 (3471,638765260,7,16,'Neck',33,0,0,NULL,'2021-02-22',NULL,'2021-02-18',NULL),
 (3472,638765260,7,14,'hata',123,0,0,NULL,'2021-02-22',NULL,'2021-02-18',NULL),
 (3473,638765260,7,15,'chest',23,0,0,NULL,'2021-02-22',NULL,'2021-02-18',NULL),
 (3474,638765260,7,16,'Neck',23,0,0,NULL,'2021-02-22',NULL,'2021-02-18',NULL),
 (3475,638765260,7,14,'hata',23,0,0,NULL,'2021-02-22',NULL,'2021-02-18',NULL),
 (3476,638765260,7,15,'chest',23,0,0,NULL,'2021-02-22',NULL,'2021-02-18',NULL),
 (3477,638765260,7,16,'Neck',33,0,0,NULL,'2021-02-22',NULL,'2021-02-18',NULL),
 (3478,638765260,7,14,'hata',23,0,0,NULL,'2021-02-22',NULL,'2021-02-18',NULL),
 (3479,638765260,7,15,'chest',23,0,0,NULL,'2021-02-22',NULL,'2021-02-18',NULL),
 (3480,638765260,7,16,'Neck',33,0,0,NULL,'2021-02-22',NULL,'2021-02-18',NULL),
 (3481,638765260,7,14,'hata',23,0,0,NULL,'2021-02-22',NULL,'2021-02-18',NULL),
 (3482,638765260,7,15,'chest',23,0,0,NULL,'2021-02-22',NULL,'2021-02-18',NULL),
 (3483,638765260,7,16,'Neck',33,0,0,NULL,'2021-02-22',NULL,'2021-02-18',NULL),
 (3484,638765260,7,14,'hata',23,0,0,NULL,'2021-02-22',NULL,'2021-02-18',NULL),
 (3485,638765260,7,15,'chest',23,0,0,NULL,'2021-02-22',NULL,'2021-02-18',NULL),
 (3486,638765260,7,16,'Neck',33,0,0,NULL,'2021-02-22',NULL,'2021-02-18',NULL),
 (3487,638765260,7,14,'hata',123,0,0,NULL,'2021-02-22',NULL,'2021-02-18',NULL),
 (3488,638765260,7,15,'chest',23,0,0,NULL,'2021-02-22',NULL,'2021-02-18',NULL),
 (3489,638765260,7,16,'Neck',23,0,0,NULL,'2021-02-22',NULL,'2021-02-18',NULL),
 (3490,638765260,7,14,'hata',23,0,0,NULL,'2021-02-22',NULL,'2021-02-18',NULL),
 (3491,638765260,7,15,'chest',23,0,0,NULL,'2021-02-22',NULL,'2021-02-18',NULL),
 (3492,638765260,7,16,'Neck',33,0,0,NULL,'2021-02-22',NULL,'2021-02-18',NULL),
 (3493,638765260,7,14,'hata',23,0,0,NULL,'2021-02-22',NULL,'2021-02-18',NULL),
 (3494,638765260,7,15,'chest',23,0,0,NULL,'2021-02-22',NULL,'2021-02-18',NULL),
 (3495,638765260,7,16,'Neck',33,0,0,NULL,'2021-02-22',NULL,'2021-02-18',NULL),
 (3496,638765260,7,14,'hata',23,0,0,NULL,'2021-02-22',NULL,'2021-02-18',NULL),
 (3497,638765260,7,15,'chest',23,0,0,NULL,'2021-02-22',NULL,'2021-02-18',NULL),
 (3498,638765260,7,16,'Neck',33,0,0,NULL,'2021-02-22',NULL,'2021-02-18',NULL),
 (3499,638765260,7,14,'hata',23,0,0,NULL,'2021-02-22',NULL,'2021-02-18',NULL),
 (3500,638765260,7,15,'chest',23,0,0,NULL,'2021-02-22',NULL,'2021-02-18',NULL),
 (3501,638765260,7,16,'Neck',33,0,0,NULL,'2021-02-22',NULL,'2021-02-18',NULL),
 (3502,638765260,7,14,'hata',123,0,0,NULL,'2021-02-22',NULL,'2021-02-18',NULL),
 (3503,638765260,7,15,'chest',23,0,0,NULL,'2021-02-22',NULL,'2021-02-18',NULL),
 (3504,638765260,7,16,'Neck',23,0,0,NULL,'2021-02-22',NULL,'2021-02-18',NULL),
 (3505,638765260,7,14,'hata',23,0,0,NULL,'2021-02-22',NULL,'2021-02-18',NULL),
 (3506,638765260,7,15,'chest',23,0,0,NULL,'2021-02-22',NULL,'2021-02-18',NULL),
 (3507,638765260,7,16,'Neck',33,0,0,NULL,'2021-02-22',NULL,'2021-02-18',NULL),
 (3508,638765260,7,14,'hata',23,0,0,NULL,'2021-02-22',NULL,'2021-02-18',NULL),
 (3509,638765260,7,15,'chest',23,0,0,NULL,'2021-02-22',NULL,'2021-02-18',NULL),
 (3510,638765260,7,16,'Neck',33,0,0,NULL,'2021-02-22',NULL,'2021-02-18',NULL),
 (3511,638765260,7,14,'hata',23,0,0,NULL,'2021-02-22',NULL,'2021-02-18',NULL),
 (3512,638765260,7,15,'chest',23,0,0,NULL,'2021-02-22',NULL,'2021-02-18',NULL),
 (3513,638765260,7,16,'Neck',33,0,0,NULL,'2021-02-22',NULL,'2021-02-18',NULL),
 (3514,638765260,7,14,'hata',23,0,0,NULL,'2021-02-22',NULL,'2021-02-18',NULL),
 (3515,638765260,7,15,'chest',23,0,0,NULL,'2021-02-22',NULL,'2021-02-18',NULL),
 (3516,638765260,7,16,'Neck',33,0,0,NULL,'2021-02-22',NULL,'2021-02-18',NULL),
 (3517,638765260,7,14,'hata',123,0,0,NULL,'2021-02-22',NULL,'2021-02-18',NULL),
 (3518,638765260,7,15,'chest',23,0,0,NULL,'2021-02-22',NULL,'2021-02-18',NULL),
 (3519,638765260,7,16,'Neck',23,0,0,NULL,'2021-02-22',NULL,'2021-02-18',NULL),
 (3520,638765260,7,14,'hata',23,0,0,NULL,'2021-02-22',NULL,'2021-02-18',NULL),
 (3521,638765260,7,15,'chest',23,0,0,NULL,'2021-02-22',NULL,'2021-02-18',NULL),
 (3522,638765260,7,16,'Neck',33,0,0,NULL,'2021-02-22',NULL,'2021-02-18',NULL),
 (3523,638765260,7,14,'hata',23,0,0,NULL,'2021-02-22',NULL,'2021-02-18',NULL),
 (3524,638765260,7,15,'chest',23,0,0,NULL,'2021-02-22',NULL,'2021-02-18',NULL),
 (3525,638765260,7,16,'Neck',33,0,0,NULL,'2021-02-22',NULL,'2021-02-18',NULL),
 (3526,638765260,7,14,'hata',23,0,0,NULL,'2021-02-22',NULL,'2021-02-18',NULL),
 (3527,638765260,7,15,'chest',23,0,0,NULL,'2021-02-22',NULL,'2021-02-18',NULL),
 (3528,638765260,7,16,'Neck',33,0,0,NULL,'2021-02-22',NULL,'2021-02-18',NULL),
 (3529,638765260,7,14,'hata',23,0,0,NULL,'2021-02-22',NULL,'2021-02-18',NULL),
 (3530,638765260,7,15,'chest',23,0,0,NULL,'2021-02-22',NULL,'2021-02-18',NULL),
 (3531,638765260,7,16,'Neck',33,0,0,NULL,'2021-02-22',NULL,'2021-02-18',NULL),
 (3532,638765260,7,14,'hata',123,0,0,NULL,'2021-02-22',NULL,'2021-02-18',NULL),
 (3533,638765260,7,15,'chest',23,0,0,NULL,'2021-02-22',NULL,'2021-02-18',NULL),
 (3534,638765260,7,16,'Neck',23,0,0,NULL,'2021-02-22',NULL,'2021-02-18',NULL),
 (3535,638765260,7,14,'hata',23,0,0,NULL,'2021-02-22',NULL,'2021-02-18',NULL),
 (3536,638765260,7,15,'chest',23,0,0,NULL,'2021-02-22',NULL,'2021-02-18',NULL),
 (3537,638765260,7,16,'Neck',33,0,0,NULL,'2021-02-22',NULL,'2021-02-18',NULL),
 (3538,638765260,7,14,'hata',23,0,0,NULL,'2021-02-22',NULL,'2021-02-18',NULL),
 (3539,638765260,7,15,'chest',23,0,0,NULL,'2021-02-22',NULL,'2021-02-18',NULL),
 (3540,638765260,7,16,'Neck',33,0,0,NULL,'2021-02-22',NULL,'2021-02-18',NULL),
 (3541,638765260,7,14,'hata',23,0,0,NULL,'2021-02-22',NULL,'2021-02-18',NULL),
 (3542,638765260,7,15,'chest',23,0,0,NULL,'2021-02-22',NULL,'2021-02-18',NULL),
 (3543,638765260,7,16,'Neck',33,0,0,NULL,'2021-02-22',NULL,'2021-02-18',NULL),
 (3544,638765260,7,14,'hata',23,0,0,NULL,'2021-02-22',NULL,'2021-02-18',NULL),
 (3545,638765260,7,15,'chest',23,0,0,NULL,'2021-02-22',NULL,'2021-02-18',NULL),
 (3546,638765260,7,16,'Neck',33,0,0,NULL,'2021-02-22',NULL,'2021-02-18',NULL),
 (3547,638765260,7,14,'hata',123,0,0,NULL,'2021-02-22',NULL,'2021-02-18',NULL),
 (3548,638765260,7,15,'chest',23,0,0,NULL,'2021-02-22',NULL,'2021-02-18',NULL),
 (3549,638765260,7,16,'Neck',23,0,0,NULL,'2021-02-22',NULL,'2021-02-18',NULL),
 (3550,638765260,7,14,'hata',23,0,0,NULL,'2021-02-22',NULL,'2021-02-18',NULL),
 (3551,638765260,7,15,'chest',23,0,0,NULL,'2021-02-22',NULL,'2021-02-18',NULL),
 (3552,638765260,7,16,'Neck',33,0,0,NULL,'2021-02-22',NULL,'2021-02-18',NULL),
 (3553,638765260,7,14,'hata',23,0,0,NULL,'2021-02-22',NULL,'2021-02-18',NULL),
 (3554,638765260,7,15,'chest',23,0,0,NULL,'2021-02-22',NULL,'2021-02-18',NULL),
 (3555,638765260,7,16,'Neck',33,0,0,NULL,'2021-02-22',NULL,'2021-02-18',NULL),
 (3556,638765260,7,14,'hata',23,0,0,NULL,'2021-02-22',NULL,'2021-02-18',NULL),
 (3557,638765260,7,15,'chest',23,0,0,NULL,'2021-02-22',NULL,'2021-02-18',NULL),
 (3558,638765260,7,16,'Neck',33,0,0,NULL,'2021-02-22',NULL,'2021-02-18',NULL),
 (3559,638765260,7,14,'hata',23,0,0,NULL,'2021-02-22',NULL,'2021-02-18',NULL),
 (3560,638765260,7,15,'chest',23,0,0,NULL,'2021-02-22',NULL,'2021-02-18',NULL),
 (3561,638765260,7,16,'Neck',33,0,0,NULL,'2021-02-22',NULL,'2021-02-18',NULL),
 (3562,638765260,7,14,'hata',123,0,0,NULL,'2021-02-22',NULL,'2021-02-18',NULL),
 (3563,638765260,7,15,'chest',23,0,0,NULL,'2021-02-22',NULL,'2021-02-18',NULL),
 (3564,638765260,7,16,'Neck',23,0,0,NULL,'2021-02-22',NULL,'2021-02-18',NULL),
 (3565,638765260,7,14,'hata',23,0,0,NULL,'2021-02-22',NULL,'2021-02-18',NULL),
 (3566,638765260,7,15,'chest',23,0,0,NULL,'2021-02-22',NULL,'2021-02-18',NULL),
 (3567,638765260,7,16,'Neck',33,0,0,NULL,'2021-02-22',NULL,'2021-02-18',NULL),
 (3568,638765260,7,14,'hata',23,0,0,NULL,'2021-02-22',NULL,'2021-02-18',NULL),
 (3569,638765260,7,15,'chest',23,0,0,NULL,'2021-02-22',NULL,'2021-02-18',NULL),
 (3570,638765260,7,16,'Neck',33,0,0,NULL,'2021-02-22',NULL,'2021-02-18',NULL),
 (3571,638765260,7,14,'hata',23,0,0,NULL,'2021-02-22',NULL,'2021-02-18',NULL),
 (3572,638765260,7,15,'chest',23,0,0,NULL,'2021-02-22',NULL,'2021-02-18',NULL),
 (3573,638765260,7,16,'Neck',33,0,0,NULL,'2021-02-22',NULL,'2021-02-18',NULL),
 (3574,638765260,7,14,'hata',23,0,0,NULL,'2021-02-22',NULL,'2021-02-18',NULL),
 (3575,638765260,7,15,'chest',23,0,0,NULL,'2021-02-22',NULL,'2021-02-18',NULL),
 (3576,638765260,7,16,'Neck',33,0,0,NULL,'2021-02-22',NULL,'2021-02-18',NULL),
 (3577,638765260,7,14,'hata',123,0,0,NULL,'2021-02-22',NULL,'2021-02-18',NULL),
 (3578,638765260,7,15,'chest',23,0,0,NULL,'2021-02-22',NULL,'2021-02-18',NULL),
 (3579,638765260,7,16,'Neck',23,0,0,NULL,'2021-02-22',NULL,'2021-02-18',NULL),
 (3580,638765260,7,14,'hata',23,0,0,NULL,'2021-02-22',NULL,'2021-02-18',NULL),
 (3581,638765260,7,15,'chest',23,0,0,NULL,'2021-02-22',NULL,'2021-02-18',NULL),
 (3582,638765260,7,16,'Neck',33,0,0,NULL,'2021-02-22',NULL,'2021-02-18',NULL),
 (3583,638765260,7,14,'hata',23,0,0,NULL,'2021-02-22',NULL,'2021-02-18',NULL),
 (3584,638765260,7,15,'chest',23,0,0,NULL,'2021-02-22',NULL,'2021-02-18',NULL),
 (3585,638765260,7,16,'Neck',33,0,0,NULL,'2021-02-22',NULL,'2021-02-18',NULL),
 (3586,638765260,7,14,'hata',23,0,0,NULL,'2021-02-22',NULL,'2021-02-18',NULL),
 (3587,638765260,7,15,'chest',23,0,0,NULL,'2021-02-22',NULL,'2021-02-18',NULL),
 (3588,638765260,7,16,'Neck',33,0,0,NULL,'2021-02-22',NULL,'2021-02-18',NULL),
 (3589,638765260,7,14,'hata',23,0,0,NULL,'2021-02-22',NULL,'2021-02-18',NULL),
 (3590,638765260,7,15,'chest',23,0,0,NULL,'2021-02-22',NULL,'2021-02-18',NULL),
 (3591,638765260,7,16,'Neck',33,0,0,NULL,'2021-02-22',NULL,'2021-02-18',NULL),
 (3592,638765260,7,14,'hata',123,0,0,NULL,'2021-02-22',NULL,'2021-02-18',NULL),
 (3593,638765260,7,15,'chest',23,0,0,NULL,'2021-02-22',NULL,'2021-02-18',NULL),
 (3594,638765260,7,16,'Neck',23,0,0,NULL,'2021-02-22',NULL,'2021-02-18',NULL),
 (3595,638765260,7,14,'hata',23,0,0,NULL,'2021-02-22',NULL,'2021-02-18',NULL),
 (3596,638765260,7,15,'chest',23,0,0,NULL,'2021-02-22',NULL,'2021-02-18',NULL),
 (3597,638765260,7,16,'Neck',33,0,0,NULL,'2021-02-22',NULL,'2021-02-18',NULL),
 (3598,638765260,7,14,'hata',23,0,0,NULL,'2021-02-22',NULL,'2021-02-18',NULL),
 (3599,638765260,7,15,'chest',23,0,0,NULL,'2021-02-22',NULL,'2021-02-18',NULL),
 (3600,638765260,7,16,'Neck',33,0,0,NULL,'2021-02-22',NULL,'2021-02-18',NULL),
 (3601,638765260,7,14,'hata',23,0,0,NULL,'2021-02-22',NULL,'2021-02-18',NULL),
 (3602,638765260,7,15,'chest',23,0,0,NULL,'2021-02-22',NULL,'2021-02-18',NULL),
 (3603,638765260,7,16,'Neck',33,0,0,NULL,'2021-02-22',NULL,'2021-02-18',NULL),
 (3604,638765260,7,14,'hata',23,0,0,NULL,'2021-02-22',NULL,'2021-02-18',NULL),
 (3605,638765260,7,15,'chest',23,0,0,NULL,'2021-02-22',NULL,'2021-02-18',NULL),
 (3606,638765260,7,16,'Neck',33,0,0,NULL,'2021-02-22',NULL,'2021-02-18',NULL),
 (3607,638765260,7,14,'hata',123,0,0,NULL,'2021-02-22',NULL,'2021-02-18',NULL),
 (3608,638765260,7,15,'chest',23,0,0,NULL,'2021-02-22',NULL,'2021-02-18',NULL),
 (3609,638765260,7,16,'Neck',23,0,0,NULL,'2021-02-22',NULL,'2021-02-18',NULL),
 (3610,638765260,7,14,'hata',23,0,0,NULL,'2021-02-22',NULL,'2021-02-18',NULL),
 (3611,638765260,7,15,'chest',23,0,0,NULL,'2021-02-22',NULL,'2021-02-18',NULL),
 (3612,638765260,7,16,'Neck',33,0,0,NULL,'2021-02-22',NULL,'2021-02-18',NULL),
 (3613,638765260,7,14,'hata',23,0,0,NULL,'2021-02-22',NULL,'2021-02-18',NULL),
 (3614,638765260,7,15,'chest',23,0,0,NULL,'2021-02-22',NULL,'2021-02-18',NULL),
 (3615,638765260,7,16,'Neck',33,0,0,NULL,'2021-02-22',NULL,'2021-02-18',NULL),
 (3616,638765260,7,14,'hata',23,0,0,NULL,'2021-02-22',NULL,'2021-02-18',NULL),
 (3617,638765260,7,15,'chest',23,0,0,NULL,'2021-02-22',NULL,'2021-02-18',NULL),
 (3618,638765260,7,16,'Neck',33,0,0,NULL,'2021-02-22',NULL,'2021-02-18',NULL),
 (3619,638765260,7,14,'hata',23,0,0,NULL,'2021-02-22',NULL,'2021-02-18',NULL),
 (3620,638765260,7,15,'chest',23,0,0,NULL,'2021-02-22',NULL,'2021-02-18',NULL),
 (3621,638765260,7,16,'Neck',33,0,0,NULL,'2021-02-22',NULL,'2021-02-18',NULL),
 (3622,638765260,7,14,'hata',123,0,0,NULL,'2021-02-22',NULL,'2021-02-18',NULL),
 (3623,638765260,7,15,'chest',23,0,0,NULL,'2021-02-22',NULL,'2021-02-18',NULL),
 (3624,638765260,7,16,'Neck',23,0,0,NULL,'2021-02-22',NULL,'2021-02-18',NULL),
 (3625,638765260,7,14,'hata',23,0,0,NULL,'2021-02-22',NULL,'2021-02-18',NULL),
 (3626,638765260,7,15,'chest',23,0,0,NULL,'2021-02-22',NULL,'2021-02-18',NULL),
 (3627,638765260,7,16,'Neck',33,0,0,NULL,'2021-02-22',NULL,'2021-02-18',NULL),
 (3628,638765260,7,14,'hata',23,0,0,NULL,'2021-02-22',NULL,'2021-02-18',NULL),
 (3629,638765260,7,15,'chest',23,0,0,NULL,'2021-02-22',NULL,'2021-02-18',NULL),
 (3630,638765260,7,16,'Neck',33,0,0,NULL,'2021-02-22',NULL,'2021-02-18',NULL),
 (3631,638765260,7,14,'hata',23,0,0,NULL,'2021-02-22',NULL,'2021-02-18',NULL),
 (3632,638765260,7,15,'chest',23,0,0,NULL,'2021-02-22',NULL,'2021-02-18',NULL),
 (3633,638765260,7,16,'Neck',33,0,0,NULL,'2021-02-22',NULL,'2021-02-18',NULL),
 (3634,638765260,7,14,'hata',23,0,0,NULL,'2021-02-22',NULL,'2021-02-18',NULL),
 (3635,638765260,7,15,'chest',23,0,0,NULL,'2021-02-22',NULL,'2021-02-18',NULL),
 (3636,638765260,7,16,'Neck',33,0,0,NULL,'2021-02-22',NULL,'2021-02-18',NULL),
 (3637,638765260,7,14,'hata',123,0,0,NULL,'2021-02-22',NULL,'2021-02-18',NULL),
 (3638,638765260,7,15,'chest',23,0,0,NULL,'2021-02-22',NULL,'2021-02-18',NULL),
 (3639,638765260,7,16,'Neck',23,0,0,NULL,'2021-02-22',NULL,'2021-02-18',NULL),
 (3640,638765260,7,14,'hata',23,0,0,NULL,'2021-02-22',NULL,'2021-02-18',NULL),
 (3641,638765260,7,15,'chest',23,0,0,NULL,'2021-02-22',NULL,'2021-02-18',NULL),
 (3642,638765260,7,16,'Neck',33,0,0,NULL,'2021-02-22',NULL,'2021-02-18',NULL),
 (3643,638765260,7,14,'hata',23,0,0,NULL,'2021-02-22',NULL,'2021-02-18',NULL),
 (3644,638765260,7,15,'chest',23,0,0,NULL,'2021-02-22',NULL,'2021-02-18',NULL),
 (3645,638765260,7,16,'Neck',33,0,0,NULL,'2021-02-22',NULL,'2021-02-18',NULL),
 (3646,638765260,7,14,'hata',23,0,0,NULL,'2021-02-22',NULL,'2021-02-18',NULL),
 (3647,638765260,7,15,'chest',23,0,0,NULL,'2021-02-22',NULL,'2021-02-18',NULL),
 (3648,638765260,7,16,'Neck',33,0,0,NULL,'2021-02-22',NULL,'2021-02-18',NULL),
 (3649,638765260,7,14,'hata',23,0,0,NULL,'2021-02-22',NULL,'2021-02-18',NULL),
 (3650,638765260,7,15,'chest',23,0,0,NULL,'2021-02-22',NULL,'2021-02-18',NULL),
 (3651,638765260,7,16,'Neck',33,0,0,NULL,'2021-02-22',NULL,'2021-02-18',NULL),
 (3652,638765260,7,14,'hata',123,0,0,NULL,'2021-02-22',NULL,'2021-02-18',NULL),
 (3653,638765260,7,15,'chest',23,0,0,NULL,'2021-02-22',NULL,'2021-02-18',NULL),
 (3654,638765260,7,16,'Neck',23,0,0,NULL,'2021-02-22',NULL,'2021-02-18',NULL),
 (3655,638765260,7,14,'hata',23,0,0,NULL,'2021-02-22',NULL,'2021-02-18',NULL),
 (3656,638765260,7,15,'chest',23,0,0,NULL,'2021-02-22',NULL,'2021-02-18',NULL),
 (3657,638765260,7,16,'Neck',33,0,0,NULL,'2021-02-22',NULL,'2021-02-18',NULL),
 (3658,638765260,7,14,'hata',23,0,0,NULL,'2021-02-22',NULL,'2021-02-18',NULL),
 (3659,638765260,7,15,'chest',23,0,0,NULL,'2021-02-22',NULL,'2021-02-18',NULL),
 (3660,638765260,7,16,'Neck',33,0,0,NULL,'2021-02-22',NULL,'2021-02-18',NULL),
 (3661,638765260,7,14,'hata',23,0,0,NULL,'2021-02-22',NULL,'2021-02-18',NULL),
 (3662,638765260,7,15,'chest',23,0,0,NULL,'2021-02-22',NULL,'2021-02-18',NULL),
 (3663,638765260,7,16,'Neck',33,0,0,NULL,'2021-02-22',NULL,'2021-02-18',NULL),
 (3664,638765260,7,14,'hata',23,0,0,NULL,'2021-02-22',NULL,'2021-02-18',NULL),
 (3665,638765260,7,15,'chest',23,0,0,NULL,'2021-02-22',NULL,'2021-02-18',NULL),
 (3666,638765260,7,16,'Neck',33,0,0,NULL,'2021-02-22',NULL,'2021-02-18',NULL),
 (3667,638765260,7,14,'hata',123,0,0,NULL,'2021-02-22',NULL,'2021-02-18',NULL),
 (3668,638765260,7,15,'chest',23,0,0,NULL,'2021-02-22',NULL,'2021-02-18',NULL),
 (3669,638765260,7,16,'Neck',23,0,0,NULL,'2021-02-22',NULL,'2021-02-18',NULL),
 (3670,638765260,7,14,'hata',23,0,0,NULL,'2021-02-22',NULL,'2021-02-18',NULL),
 (3671,638765260,7,15,'chest',23,0,0,NULL,'2021-02-22',NULL,'2021-02-18',NULL),
 (3672,638765260,7,16,'Neck',33,0,0,NULL,'2021-02-22',NULL,'2021-02-18',NULL),
 (3673,638765260,7,14,'hata',23,0,0,NULL,'2021-02-22',NULL,'2021-02-18',NULL),
 (3674,638765260,7,15,'chest',23,0,0,NULL,'2021-02-22',NULL,'2021-02-18',NULL),
 (3675,638765260,7,16,'Neck',33,0,0,NULL,'2021-02-22',NULL,'2021-02-18',NULL),
 (3676,638765260,7,14,'hata',23,0,0,NULL,'2021-02-22',NULL,'2021-02-18',NULL),
 (3677,638765260,7,15,'chest',23,0,0,NULL,'2021-02-22',NULL,'2021-02-18',NULL),
 (3678,638765260,7,16,'Neck',33,0,0,NULL,'2021-02-22',NULL,'2021-02-18',NULL),
 (3679,638765260,7,14,'hata',23,0,0,NULL,'2021-02-22',NULL,'2021-02-18',NULL),
 (3680,638765260,7,15,'chest',23,0,0,NULL,'2021-02-22',NULL,'2021-02-18',NULL),
 (3681,638765260,7,16,'Neck',33,0,0,NULL,'2021-02-22',NULL,'2021-02-18',NULL),
 (3682,638765260,7,14,'hata',123,0,0,NULL,'2021-02-22',NULL,'2021-02-18',NULL),
 (3683,638765260,7,15,'chest',23,0,0,NULL,'2021-02-22',NULL,'2021-02-18',NULL),
 (3684,638765260,7,16,'Neck',23,0,0,NULL,'2021-02-22',NULL,'2021-02-18',NULL),
 (3685,985481178,9,17,'hata',123,0,0,NULL,'2021-02-22',NULL,'2021-02-18',NULL),
 (3686,985481178,9,18,'long',123,0,0,NULL,'2021-02-22',NULL,'2021-02-18',NULL),
 (3687,985481178,9,17,'hata',1232,0,0,NULL,'2021-02-22',NULL,'2021-02-18',NULL),
 (3688,985481178,9,18,'long',123,0,0,NULL,'2021-02-22',NULL,'2021-02-18',NULL),
 (3737,799983549,7,14,'hata',324,0,0,NULL,'2021-02-22',NULL,'2021-02-18',NULL),
 (3738,799983549,7,15,'chest',2,0,0,NULL,'2021-02-22',NULL,'2021-02-18',NULL),
 (3739,799983549,7,16,'Neck',31,0,0,NULL,'2021-02-22',NULL,'2021-02-18',NULL),
 (3740,992309731,7,14,'hata',25.3,0,0,NULL,'2021-02-22',NULL,'2021-02-18',NULL),
 (3741,992309731,7,15,'chest',2.3,0,0,NULL,'2021-02-22',NULL,'2021-02-18',NULL),
 (3742,992309731,7,16,'Neck',22.1,0,0,NULL,'2021-02-22',NULL,'2021-02-18',NULL),
 (3749,406632202,7,14,'hata',54,0,0,NULL,'2021-02-27',NULL,'2021-02-18',NULL),
 (3750,406632202,7,15,'chest',545,0,0,NULL,'2021-02-27',NULL,'2021-02-18',NULL),
 (3751,406632202,7,16,'Neck',66,0,0,NULL,'2021-02-27',NULL,'2021-02-18',NULL),
 (3752,413838050,7,14,'hata',32,0,0,NULL,'2021-02-27',NULL,'2021-02-18',NULL),
 (3753,413838050,7,15,'chest',33,0,0,NULL,'2021-02-27',NULL,'2021-02-18',NULL),
 (3754,413838050,7,16,'Neck',22,0,0,NULL,'2021-02-27',NULL,'2021-02-18',NULL),
 (3755,634402677,7,14,'hata',12,0,0,NULL,'2021-02-27',NULL,'2021-02-18',NULL),
 (3756,634402677,7,15,'chest',21,0,0,NULL,'2021-02-27',NULL,'2021-02-18',NULL),
 (3757,634402677,7,16,'Neck',22,0,0,NULL,'2021-02-27',NULL,'2021-02-18',NULL);
/*!40000 ALTER TABLE `orderd` ENABLE KEYS */;


--
-- Definition of table `orderdetils`
--

DROP TABLE IF EXISTS `orderdetils`;
CREATE TABLE `orderdetils` (
  `ID` int(10) NOT NULL auto_increment,
  `ORDERD_NO` int(10) default NULL,
  `CUST_CODE` int(10) default NULL,
  `I_ID` int(10) default NULL,
  `LOMBA` double default NULL,
  `BUK` double default NULL,
  `PET` double default NULL,
  `HIP` double default NULL,
  `KAD` double default NULL,
  `HATA` double default NULL,
  `GOLA` double default NULL,
  `KAF` double default NULL,
  `MOHORI` double default NULL,
  `GER` double default NULL,
  `KOMOR` double default NULL,
  `HIF` double default NULL,
  `THAI` double default NULL,
  `HAI` double default NULL,
  `KOF_DESIGN` varchar(250) default NULL,
  `KOLOR_DESIGN` varchar(250) default NULL,
  `BUTTON_DESIGN` varchar(250) default NULL,
  `POKET_DESIGN` varchar(250) default NULL,
  `SELAY_DESIGN` varchar(250) default NULL,
  `CHAIN_DESIGN` varchar(250) default NULL,
  `ITEM_PRICE` varchar(250) default NULL,
  `QTY` varchar(250) default NULL,
  `ITEM_TOTAL_VAL` varchar(250) default NULL,
  `D_DATE` date default NULL,
  `COMPANY_ID` int(10) default NULL,
  `BRANCH_ID` int(10) default NULL,
  `CREATED_BY` varchar(45) default NULL,
  `CREATE_DATE` date default NULL,
  `UPDATED_BY` varchar(45) default NULL,
  `UPDATE_DATE` date default NULL,
  PRIMARY KEY  (`ID`),
  KEY `FK_orderdetils_1` (`ORDERD_NO`),
  KEY `FK_orderdetils_2` (`CUST_CODE`),
  KEY `FK_orderdetils_3` (`I_ID`),
  CONSTRAINT `FK_orderdetils_1` FOREIGN KEY (`ORDERD_NO`) REFERENCES `ordermaster` (`ORDERD_NO`),
  CONSTRAINT `FK_orderdetils_2` FOREIGN KEY (`CUST_CODE`) REFERENCES `customerinfo` (`CUST_CODE`),
  CONSTRAINT `FK_orderdetils_3` FOREIGN KEY (`I_ID`) REFERENCES `item_info` (`I_ID`)
) ENGINE=InnoDB DEFAULT CHARSET=latin1;

--
-- Dumping data for table `orderdetils`
--

/*!40000 ALTER TABLE `orderdetils` DISABLE KEYS */;
/*!40000 ALTER TABLE `orderdetils` ENABLE KEYS */;


--
-- Definition of table `orderm`
--

DROP TABLE IF EXISTS `orderm`;
CREATE TABLE `orderm` (
  `ORDERM_NO` int(10) NOT NULL auto_increment,
  `CUST_CODE` int(10) default NULL,
  `ORDER_DATE` date default NULL,
  `D_DATE` date default NULL,
  `TOTAL_AMOUNT` double default NULL,
  `DM` varchar(200) default NULL,
  `ORDER_STATUS` int(10) unsigned default NULL,
  `COMPANY_ID` int(10) default NULL,
  `BRANCH_ID` int(10) default NULL,
  `CREATED_BY` varchar(45) default NULL,
  `CREATE_DATE` date default NULL,
  `UPDATED_BY` varchar(45) default NULL,
  `UPDATE_DATE` date default NULL,
  PRIMARY KEY  (`ORDERM_NO`)
) ENGINE=InnoDB AUTO_INCREMENT=992309732 DEFAULT CHARSET=latin1;

--
-- Dumping data for table `orderm`
--

/*!40000 ALTER TABLE `orderm` DISABLE KEYS */;
INSERT INTO `orderm` (`ORDERM_NO`,`CUST_CODE`,`ORDER_DATE`,`D_DATE`,`TOTAL_AMOUNT`,`DM`,`ORDER_STATUS`,`COMPANY_ID`,`BRANCH_ID`,`CREATED_BY`,`CREATE_DATE`,`UPDATED_BY`,`UPDATE_DATE`) VALUES 
 (406632202,1,NULL,NULL,500,NULL,0,0,0,NULL,'2021-02-27',NULL,'2021-02-27'),
 (413838050,1,'2021-02-15','2021-02-28',1000,NULL,0,0,0,NULL,'2021-02-27',NULL,'2021-02-27'),
 (634402677,1,'2021-02-15','2021-02-28',0,'4,1',0,0,0,NULL,'2021-02-18',NULL,'2021-02-27'),
 (638536622,1,NULL,'2021-02-09',1200,NULL,0,0,0,NULL,'2021-02-18',NULL,'2021-02-22'),
 (638765260,1,'2021-02-15','2021-02-09',500,NULL,0,0,0,NULL,'2021-02-18',NULL,'2021-02-22'),
 (799983549,2,NULL,'2021-02-03',1500,NULL,0,0,0,NULL,'2021-02-20',NULL,'2021-02-22'),
 (985481178,2,NULL,'2021-02-18',899,NULL,0,0,0,NULL,'2021-02-22',NULL,'2021-02-22'),
 (992309731,1,'2021-02-22','2021-02-28',2000,NULL,0,0,0,NULL,'2021-02-22',NULL,'2021-02-22');
/*!40000 ALTER TABLE `orderm` ENABLE KEYS */;


--
-- Definition of table `ordermaster`
--

DROP TABLE IF EXISTS `ordermaster`;
CREATE TABLE `ordermaster` (
  `ORDERD_NO` int(10) NOT NULL auto_increment,
  `CUST_CODE` int(10) default NULL,
  `ORDER_DATE` date default NULL,
  `D_DATE` date default NULL,
  `TOTAL_AMOUNT` double default NULL,
  `ADVANCE_AMOUNT` double default NULL,
  `ORDER_STATUS` int(10) default NULL,
  `COMPANY_ID` int(10) default NULL,
  `BRANCH_ID` int(10) default NULL,
  `CREATED_BY` varchar(45) default NULL,
  `CREATE_DATE` date default NULL,
  `UPDATED_BY` varchar(45) default NULL,
  `UPDATE_DATE` date default NULL,
  PRIMARY KEY  (`ORDERD_NO`),
  KEY `FK_ordermaster_1` (`CUST_CODE`),
  CONSTRAINT `FK_ordermaster_1` FOREIGN KEY (`CUST_CODE`) REFERENCES `customerinfo` (`CUST_CODE`)
) ENGINE=InnoDB DEFAULT CHARSET=latin1;

--
-- Dumping data for table `ordermaster`
--

/*!40000 ALTER TABLE `ordermaster` DISABLE KEYS */;
/*!40000 ALTER TABLE `ordermaster` ENABLE KEYS */;


--
-- Definition of table `permission`
--

DROP TABLE IF EXISTS `permission`;
CREATE TABLE `permission` (
  `id` int(11) NOT NULL auto_increment,
  `name` varchar(255) default NULL,
  PRIMARY KEY  (`id`)
) ENGINE=MyISAM AUTO_INCREMENT=5 DEFAULT CHARSET=latin1;

--
-- Dumping data for table `permission`
--

/*!40000 ALTER TABLE `permission` DISABLE KEYS */;
INSERT INTO `permission` (`id`,`name`) VALUES 
 (1,'can_create_user'),
 (4,'can_delete_user'),
 (3,'can_read_user'),
 (2,'can_update_user');
/*!40000 ALTER TABLE `permission` ENABLE KEYS */;


--
-- Definition of table `permission_role`
--

DROP TABLE IF EXISTS `permission_role`;
CREATE TABLE `permission_role` (
  `role_id` int(11) NOT NULL,
  `permission_id` int(11) NOT NULL,
  KEY `FK3tuvkbyi6wcytyg21hvpd6txw` (`permission_id`),
  KEY `FK50sfdcvbvdaclpn7wp4uop4ml` (`role_id`)
) ENGINE=MyISAM DEFAULT CHARSET=latin1;

--
-- Dumping data for table `permission_role`
--

/*!40000 ALTER TABLE `permission_role` DISABLE KEYS */;
INSERT INTO `permission_role` (`role_id`,`permission_id`) VALUES 
 (1,1),
 (1,2),
 (1,3),
 (1,4),
 (2,3);
/*!40000 ALTER TABLE `permission_role` ENABLE KEYS */;


--
-- Definition of table `role`
--

DROP TABLE IF EXISTS `role`;
CREATE TABLE `role` (
  `id` int(11) NOT NULL auto_increment,
  `name` varchar(255) default NULL,
  PRIMARY KEY  (`id`)
) ENGINE=MyISAM AUTO_INCREMENT=3 DEFAULT CHARSET=latin1;

--
-- Dumping data for table `role`
--

/*!40000 ALTER TABLE `role` DISABLE KEYS */;
INSERT INTO `role` (`id`,`name`) VALUES 
 (1,'role_admin'),
 (2,'role_user');
/*!40000 ALTER TABLE `role` ENABLE KEYS */;


--
-- Definition of table `role_user`
--

DROP TABLE IF EXISTS `role_user`;
CREATE TABLE `role_user` (
  `user_id` int(11) NOT NULL,
  `role_id` int(11) NOT NULL,
  KEY `FKiqpmjd2qb4rdkej916ymonic6` (`role_id`),
  KEY `FKhvai2k29vlwpt9wod4sw4ghmn` (`user_id`)
) ENGINE=MyISAM DEFAULT CHARSET=latin1;

--
-- Dumping data for table `role_user`
--

/*!40000 ALTER TABLE `role_user` DISABLE KEYS */;
INSERT INTO `role_user` (`user_id`,`role_id`) VALUES 
 (1,1),
 (2,2);
/*!40000 ALTER TABLE `role_user` ENABLE KEYS */;


--
-- Definition of table `user`
--

DROP TABLE IF EXISTS `user`;
CREATE TABLE `user` (
  `ID` int(11) NOT NULL auto_increment,
  `USERNAME` varchar(24) NOT NULL,
  `PASSWORD` varchar(255) NOT NULL,
  `EMAIL` varchar(255) NOT NULL,
  `ENABLED` tinyint(1) NOT NULL,
  `ACCOUNT_EXPIRED` tinyint(1) NOT NULL,
  `CREDENTIALS_EXPIRED` tinyint(1) NOT NULL,
  `ACCOUNT_LOCKED` tinyint(1) NOT NULL,
  PRIMARY KEY  (`ID`),
  UNIQUE KEY `USERNAME` (`USERNAME`)
) ENGINE=InnoDB AUTO_INCREMENT=3 DEFAULT CHARSET=utf8;

--
-- Dumping data for table `user`
--

/*!40000 ALTER TABLE `user` DISABLE KEYS */;
INSERT INTO `user` (`ID`,`USERNAME`,`PASSWORD`,`EMAIL`,`ENABLED`,`ACCOUNT_EXPIRED`,`CREDENTIALS_EXPIRED`,`ACCOUNT_LOCKED`) VALUES 
 (1,'admin','{bcrypt}$2a$10$EOs8VROb14e7ZnydvXECA.4LoIhPOoFHKvVF/iBZ/ker17Eocz4Vi','dg12kumbhar@gmail.com',1,0,0,0),
 (2,'user','{bcrypt}$2a$10$EOs8VROb14e7ZnydvXECA.4LoIhPOoFHKvVF/iBZ/ker17Eocz4Vi','user@gmail.com',1,0,0,0);
/*!40000 ALTER TABLE `user` ENABLE KEYS */;


--
-- Definition of table `users`
--

DROP TABLE IF EXISTS `users`;
CREATE TABLE `users` (
  `id` int(11) NOT NULL auto_increment,
  `account_expired` bit(1) default NULL,
  `account_locked` bit(1) default NULL,
  `credentials_expired` bit(1) default NULL,
  `email` varchar(255) default NULL,
  `enabled` bit(1) NOT NULL,
  `password` varchar(255) default NULL,
  `username` varchar(255) default NULL,
  PRIMARY KEY  (`id`)
) ENGINE=MyISAM DEFAULT CHARSET=latin1;

--
-- Dumping data for table `users`
--

/*!40000 ALTER TABLE `users` DISABLE KEYS */;
/*!40000 ALTER TABLE `users` ENABLE KEYS */;


--
-- Definition of view `orderview`
--

DROP TABLE IF EXISTS `orderview`;
DROP VIEW IF EXISTS `orderview`;
CREATE ALGORITHM=UNDEFINED DEFINER=`root`@`localhost` SQL SECURITY DEFINER VIEW `orderview` AS select `m`.`ORDERM_NO` AS `ORDERM_NO`,`m`.`CUST_CODE` AS `CUST_CODE`,`m`.`ORDER_DATE` AS `ORDER_DATE`,`m2`.`DM` AS `DM`,`m`.`D_DATE` AS `D_DATE`,`m`.`TOTAL_AMOUNT` AS `TOTAL_AMOUNT`,`m`.`ORDER_STATUS` AS `ORDER_STATUS`,`m`.`COMPANY_ID` AS `COMPANY_ID`,`m`.`BRANCH_ID` AS `BRANCH_ID`,`m2`.`I_ID` AS `I_ID`,`m3`.`M_ID` AS `M_ID`,`m3`.`M_NAME` AS `M_NAME`,`m3`.`M_VALUE` AS `M_VALUE`,`m2`.`RATE` AS `RATE`,`m2`.`QTY` AS `QTY`,`m2`.`I_TOTAL_AMOUNT` AS `I_TOTAL_AMOUNT` from ((`orderm` `M` join `orderad` `m2`) join `orderd` `m3`) where ((`m`.`ORDERM_NO` = `m2`.`ORDERM_NO`) and (`m`.`ORDERM_NO` = `m3`.`ORDERM_NO`) and (`m2`.`I_ID` = `m3`.`I_ID`));



/*!40101 SET SQL_MODE=@OLD_SQL_MODE */;
/*!40014 SET FOREIGN_KEY_CHECKS=@OLD_FOREIGN_KEY_CHECKS */;
/*!40014 SET UNIQUE_CHECKS=@OLD_UNIQUE_CHECKS */;
/*!40101 SET CHARACTER_SET_CLIENT=@OLD_CHARACTER_SET_CLIENT */;
/*!40101 SET CHARACTER_SET_RESULTS=@OLD_CHARACTER_SET_RESULTS */;
/*!40101 SET COLLATION_CONNECTION=@OLD_COLLATION_CONNECTION */;
/*!40101 SET CHARACTER_SET_CLIENT=@OLD_CHARACTER_SET_CLIENT */;
